product_id,sku_title,description,thumbnail_file,detail_image_file,url
16,COMBINATION ERGONOMICAL PLIER,COMBINATION ERGONOMICAL PLIER | Time： | 2015-8-27 11:06:40 | Click： | 3082 | Next | Next,sku_16_thumb.jpg,sku_16_detail.jpg,http://www.cpowerco.com/ProductDetail.aspx?id=16
15,SIDE CUTTING ERGONOMICAL PLIER,SIDE CUTTING ERGONOMICAL PLIER | Time： | 2015-8-27 11:04:10 | Click： | 3073 | Previous | Next | Previous | Next,sku_15_thumb.jpg,sku_15_detail.jpg,http://www.cpowerco.com/ProductDetail.aspx?id=15
14,LONG NOSE ERGONOMICAL PLIER,LONG NOSE ERGONOMICAL PLIER | Time： | 2015-8-27 10:48:50 | Click： | 3121 | Previous | Next | Previous | Next,sku_14_thumb.jpg,sku_14_detail.jpg,http://www.cpowerco.com/ProductDetail.aspx?id=14
13,COMBINATION LABOR SAVING PLIER,COMBINATION LABOR SAVING PLIER | Time： | 2015-8-27 10:38:08 | Click： | 3130 | Previous | Next | Previous | Next,sku_13_thumb.jpg,sku_13_detail.jpg,http://www.cpowerco.com/ProductDetail.aspx?id=13
12,SIDE CUTTING LABOR SAVING PLIER,SIDE CUTTING LABOR SAVING PLIER | Time： | 2015-8-27 10:15:45 | Click： | 3101 | Previous | Next | Previous | Next,sku_12_thumb.jpg,sku_12_detail.jpg,http://www.cpowerco.com/ProductDetail.aspx?id=12
11,LONG NOSE LABOR SAVING PLIER,LONG NOSE LABOR SAVING PLIER | Time： | 2015-8-27 10:13:17 | Click： | 2845 | Previous | Next | Previous | Next,sku_11_thumb.jpg,sku_11_detail.jpg,http://www.cpowerco.com/ProductDetail.aspx?id=11
10,COMBINATION LABOR SAVING PLIER,COMBINATION LABOR SAVING PLIER | Time： | 2015-8-27 10:10:55 | Click： | 2911 | Previous | Next | Previous | Next,sku_10_thumb.jpg,sku_10_detail.jpg,http://www.cpowerco.com/ProductDetail.aspx?id=10
9,COMBINATION LABOR SAVING PLIER,COMBINATION LABOR SAVING PLIER | Time： | 2015-8-27 10:05:53 | Click： | 3001 | Previous | Next | Previous | Next,sku_9_thumb.jpg,sku_9_detail.jpg,http://www.cpowerco.com/ProductDetail.aspx?id=9
8,COMBINATION LABOR SAVING PLIER,COMBINATION LABOR SAVING PLIER | Time： | 2015-8-27 9:53:23 | Click： | 2871 | Previous | Previous,sku_8_thumb.jpg,sku_8_detail.jpg,http://www.cpowerco.com/ProductDetail.aspx?id=8
32,Hand Pallrt Truch,Hand Pallrt Truch | Time： | 2015-8-27 15:26:19 | Click： | 3253 | Next | Next,sku_32_thumb.jpg,sku_32_detail.jpg,http://www.cpowerco.com/ProductDetail.aspx?id=32
20,Hand pallet Truck Light-Duty,Hand pallet Truck Light-Duty | Time： | 2015-8-27 11:43:18 | Click： | 3050 | Previous | Next | Previous | Next,sku_20_thumb.jpg,sku_20_detail.jpg,http://www.cpowerco.com/ProductDetail.aspx?id=20
19,Hand Pallet Truck,Hand Pallet Truck | Time： | 2015-8-27 11:33:05 | Click： | 2910 | Previous | Next | Previous | Next,sku_19_thumb.jpg,sku_19_detail.jpg,http://www.cpowerco.com/ProductDetail.aspx?id=19
18,Stainless Steel Pallet Truck,Stainless Steel Pallet Truck | Time： | 2015-8-27 11:22:14 | Click： | 3120 | Previous | Next | Previous | Next,sku_18_thumb.jpg,sku_18_detail.jpg,http://www.cpowerco.com/ProductDetail.aspx?id=18
17,Galvanized Pallet Truck,Galvanized Pallet Truck | Time： | 2015-8-27 11:15:37 | Click： | 3074 | Previous | Previous,sku_17_thumb.jpg,sku_17_detail.jpg,http://www.cpowerco.com/ProductDetail.aspx?id=17
26,Flashlight,Flashlight | Time： | 2015-8-27 14:52:24 | Click： | 3302 | Next | Next,sku_26_thumb.jpg,sku_26_detail.jpg,http://www.cpowerco.com/ProductDetail.aspx?id=26
25,Flashlight,Flashlight | Time： | 2015-8-27 14:50:32 | Click： | 3176 | Previous | Next | Previous | Next,sku_25_thumb.jpg,sku_25_detail.jpg,http://www.cpowerco.com/ProductDetail.aspx?id=25
24,Flashlight,Flashlight | Time： | 2015-8-27 14:45:38 | Click： | 3069 | Previous | Next | Previous | Next,sku_24_thumb.jpg,sku_24_detail.jpg,http://www.cpowerco.com/ProductDetail.aspx?id=24
23,Flashlight,Flashlight | Time： | 2015-8-27 14:42:56 | Click： | 2954 | Previous | Next | Previous | Next,sku_23_thumb.jpg,sku_23_detail.jpg,http://www.cpowerco.com/ProductDetail.aspx?id=23
22,Flashlight,Flashlight | Time： | 2015-8-27 14:37:59 | Click： | 3087 | Previous | Next | Previous | Next,sku_22_thumb.jpg,sku_22_detail.jpg,http://www.cpowerco.com/ProductDetail.aspx?id=22
21,Flashlight,Flashlight | Time： | 2015-8-27 14:31:54 | Click： | 2996 | Previous | Previous,sku_21_thumb.jpg,sku_21_detail.jpg,http://www.cpowerco.com/ProductDetail.aspx?id=21
69,TAPE MEASURE,TAPE MEASURE | Time： | 2015-8-29 11:04:41 | Click： | 4348 | Next | Next,sku_69_thumb.jpg,sku_69_detail.jpg,http://www.cpowerco.com/ProductDetail.aspx?id=69
68,TAPE MEASURE,TAPE MEASURE | Time： | 2015-8-29 10:59:57 | Click： | 3089 | Previous | Next | Previous | Next,sku_68_thumb.jpg,sku_68_detail.jpg,http://www.cpowerco.com/ProductDetail.aspx?id=68
67,TAPE MEASURE,TAPE MEASURE | Time： | 2015-8-29 10:58:21 | Click： | 3235 | Previous | Next | Previous | Next,sku_67_thumb.jpg,sku_67_detail.jpg,http://www.cpowerco.com/ProductDetail.aspx?id=67
66,TAPE MEASURE,TAPE MEASURE | Time： | 2015-8-29 10:56:37 | Click： | 3204 | Previous | Next | Previous | Next,sku_66_thumb.jpg,sku_66_detail.jpg,http://www.cpowerco.com/ProductDetail.aspx?id=66
65,TAPE MEASURE,TAPE MEASURE | Time： | 2015-8-29 10:54:19 | Click： | 2983 | Previous | Next | Previous | Next,sku_65_thumb.jpg,sku_65_detail.jpg,http://www.cpowerco.com/ProductDetail.aspx?id=65
64,TAPE MEASURE,TAPE MEASURE | Time： | 2015-8-29 10:49:56 | Click： | 3023 | Previous | Next | Previous | Next,sku_64_thumb.jpg,sku_64_detail.jpg,http://www.cpowerco.com/ProductDetail.aspx?id=64
63,TAPE MEASURE,TAPE MEASURE | Time： | 2015-8-29 10:48:12 | Click： | 3091 | Previous | Next | Previous | Next,sku_63_thumb.jpg,sku_63_detail.jpg,http://www.cpowerco.com/ProductDetail.aspx?id=63
62,TAPE MEASURE,TAPE MEASURE | Time： | 2015-8-29 10:46:31 | Click： | 3006 | Previous | Next | Previous | Next,sku_62_thumb.jpg,sku_62_detail.jpg,http://www.cpowerco.com/ProductDetail.aspx?id=62
61,TAPE MEASURE,TAPE MEASURE | Time： | 2015-8-29 10:44:27 | Click： | 2969 | Previous | Next | Previous | Next,sku_61_thumb.jpg,sku_61_detail.jpg,http://www.cpowerco.com/ProductDetail.aspx?id=61
289,VDE SCREWDRIVERS,VDE SCREWDRIVERS | Time： | 2015-9-14 15:00:31 | Click： | 3351 | Next | Next,sku_289_thumb.jpg,sku_289_detail.jpg,http://www.cpowerco.com/ProductDetail.aspx?id=289
288,VDE SCREWDRIVERS,VDE SCREWDRIVERS | Time： | 2015-9-14 14:59:26 | Click： | 3281 | Previous | Next | Previous | Next,sku_288_thumb.jpg,sku_288_detail.jpg,http://www.cpowerco.com/ProductDetail.aspx?id=288
287,VDE SCREWDRIVERS,VDE SCREWDRIVERS | Time： | 2015-9-14 14:58:21 | Click： | 3253 | Previous | Next | Previous | Next,sku_287_thumb.jpg,sku_287_detail.jpg,http://www.cpowerco.com/ProductDetail.aspx?id=287
286,PRECISION SCREWDRIVER SET,PRECISION SCREWDRIVER SET | Time： | 2015-9-12 10:31:49 | Click： | 3251 | Previous | Next | Previous | Next,sku_286_thumb.jpg,sku_286_detail.jpg,http://www.cpowerco.com/ProductDetail.aspx?id=286
285,RACHET SCREWDRIVER SET,RACHET SCREWDRIVER SET | Time： | 2015-9-12 10:30:50 | Click： | 3292 | Previous | Next | Previous | Next,sku_285_thumb.jpg,sku_285_detail.jpg,http://www.cpowerco.com/ProductDetail.aspx?id=285
284,RACHET SCREWDRIVER SET,RACHET SCREWDRIVER SET | Time： | 2015-9-12 10:29:37 | Click： | 3152 | Previous | Next | Previous | Next,sku_284_thumb.jpg,sku_284_detail.jpg,http://www.cpowerco.com/ProductDetail.aspx?id=284
283,RACHET SCREWDRIVER SET,RACHET SCREWDRIVER SET | Time： | 2015-9-12 10:20:14 | Click： | 3166 | Previous | Next | Previous | Next,sku_283_thumb.jpg,sku_283_detail.jpg,http://www.cpowerco.com/ProductDetail.aspx?id=283
282,RACHET SCREWDRIVER SET,RACHET SCREWDRIVER SET | Time： | 2015-9-12 10:19:15 | Click： | 3153 | Previous | Next | Previous | Next,sku_282_thumb.jpg,sku_282_detail.jpg,http://www.cpowerco.com/ProductDetail.aspx?id=282
281,RACHET SCREWDRIVER SET,RACHET SCREWDRIVER SET | Time： | 2015-9-12 10:18:21 | Click： | 3102 | Previous | Next | Previous | Next,sku_281_thumb.jpg,sku_281_detail.jpg,http://www.cpowerco.com/ProductDetail.aspx?id=281
155,ADJUSTABLE WRENCH TPR TWO COLOR HANDLE WITH SCALE,ADJUSTABLE WRENCH TPR TWO COLOR HANDLE WITH SCALE | Time： | 2015-8-29 17:43:30 | Click： | 3565 | Next | Next,sku_155_thumb.jpg,sku_155_detail.jpg,http://www.cpowerco.com/ProductDetail.aspx?id=155
154,ADJUSTABLE WRENCH TPR TWO COLOR HANDLE WITH SCALE,ADJUSTABLE WRENCH TPR TWO COLOR HANDLE WITH SCALE | Time： | 2015-8-29 17:34:43 | Click： | 3344 | Previous | Next | Previous | Next,sku_154_thumb.jpg,sku_154_detail.jpg,http://www.cpowerco.com/ProductDetail.aspx?id=154
151,ADJUSTABLE WRENCH TWO COLOR DIPPING HANDLE WITH SCALE,ADJUSTABLE WRENCH TWO COLOR DIPPING HANDLE WITH SCALE | Time： | 2015-8-29 17:32:41 | Click： | 3173 | Previous | Next | Previous | Next,sku_151_thumb.jpg,sku_151_detail.jpg,http://www.cpowerco.com/ProductDetail.aspx?id=151
149,ADJUSTABLE WRENCH WITH SCALE,ADJUSTABLE WRENCH WITH SCALE | Time： | 2015-8-29 17:30:03 | Click： | 3328 | Previous | Next | Previous | Next,sku_149_thumb.jpg,sku_149_detail.jpg,http://www.cpowerco.com/ProductDetail.aspx?id=149
146,ADJUSTABLE WRENCH WITH SCALE,ADJUSTABLE WRENCH WITH SCALE | Time： | 2015-8-29 17:25:40 | Click： | 3270 | Previous | Next | Previous | Next,sku_146_thumb.jpg,sku_146_detail.jpg,http://www.cpowerco.com/ProductDetail.aspx?id=146
143,ADJUSTABLE WRENCH,ADJUSTABLE WRENCH | Time： | 2015-8-29 17:23:34 | Click： | 3114 | Previous | Next | Previous | Next,sku_143_thumb.jpg,sku_143_detail.jpg,http://www.cpowerco.com/ProductDetail.aspx?id=143
142,ADJUSTABLE WRENCH WITH SCALE BLACK FINISHED,ADJUSTABLE WRENCH WITH SCALE BLACK FINISHED | Time： | 2015-8-29 17:21:01 | Click： | 3398 | Previous | Next | Previous | Next,sku_142_thumb.jpg,sku_142_detail.jpg,http://www.cpowerco.com/ProductDetail.aspx?id=142
140,ADJUSTABLE WRENCH,ADJUSTABLE WRENCH | Time： | 2015-8-29 17:16:34 | Click： | 3287 | Previous | Next | Previous | Next,sku_140_thumb.jpg,sku_140_detail.jpg,http://www.cpowerco.com/ProductDetail.aspx?id=140
139,ADJUSTABLE WRENCH,ADJUSTABLE WRENCH | Time： | 2015-8-29 17:14:29 | Click： | 3232 | Previous | Next | Previous | Next,sku_139_thumb.jpg,sku_139_detail.jpg,http://www.cpowerco.com/ProductDetail.aspx?id=139
267,INDESTRUCTIBLE HANDLE CLUB HAMMERS,INDESTRUCTIBLE HANDLE CLUB HAMMERS | Time： | 2015-9-12 8:43:53 | Click： | 5173 | Next | Next,sku_267_thumb.jpg,sku_267_detail.jpg,http://www.cpowerco.com/ProductDetail.aspx?id=267
266,AXES-TPR HANDLE,AXES-TPR HANDLE | Time： | 2015-9-11 20:15:19 | Click： | 4402 | Previous | Next | Previous | Next,sku_266_thumb.jpg,,http://www.cpowerco.com/ProductDetail.aspx?id=266
265,AXES-WOODEN HANDLE,AXES-WOODEN HANDLE | Time： | 2015-9-11 20:13:21 | Click： | 3436 | Previous | Next | Previous | Next,sku_265_thumb.jpg,sku_265_detail.jpg,http://www.cpowerco.com/ProductDetail.aspx?id=265
264,AXES-WOODEN HANDLE,AXES-WOODEN HANDLE | Time： | 2015-9-11 20:10:31 | Click： | 3305 | Previous | Next | Previous | Next,sku_264_thumb.jpg,sku_264_detail.jpg,http://www.cpowerco.com/ProductDetail.aspx?id=264
263,SPLITTING AXES-FIBERGLASS HANDLE,SPLITTING AXES-FIBERGLASS HANDLE | Time： | 2015-9-11 19:57:50 | Click： | 3387 | Previous | Next | Previous | Next,sku_263_thumb.jpg,sku_263_detail.jpg,http://www.cpowerco.com/ProductDetail.aspx?id=263
262,AXES-FIBERGLASS HANDLE,AXES-FIBERGLASS HANDLE | Time： | 2015-9-11 19:56:10 | Click： | 3336 | Previous | Next | Previous | Next,sku_262_thumb.jpg,sku_262_detail.jpg,http://www.cpowerco.com/ProductDetail.aspx?id=262
261,AXES-WOODEN HANDLE,AXES-WOODEN HANDLE | Time： | 2015-9-11 19:54:16 | Click： | 3234 | Previous | Next | Previous | Next,sku_261_thumb.jpg,sku_261_detail.jpg,http://www.cpowerco.com/ProductDetail.aspx?id=261
260,DEAD BLOW HAMMERS-MONOBLOCK,DEAD BLOW HAMMERS-MONOBLOCK | Time： | 2015-9-11 19:52:37 | Click： | 3268 | Previous | Next | Previous | Next,sku_260_thumb.jpg,sku_260_detail.jpg,http://www.cpowerco.com/ProductDetail.aspx?id=260
259,DRYWALL HATCHET-HICKORY HANDLE,DRYWALL HATCHET-HICKORY HANDLE | Time： | 2015-9-11 19:51:15 | Click： | 3335 | Previous | Next | Previous | Next,sku_259_thumb.jpg,sku_259_detail.jpg,http://www.cpowerco.com/ProductDetail.aspx?id=259
232,VDE CABLE CUTTER,VDE CABLE CUTTER | Time： | 2015-9-11 15:07:55 | Click： | 4388 | Next | Next,sku_232_thumb.jpg,sku_232_detail.jpg,http://www.cpowerco.com/ProductDetail.aspx?id=232
231,VDE WATER PUMP PLIER,VDE WATER PUMP PLIER | Time： | 2015-9-11 15:06:52 | Click： | 3663 | Previous | Next | Previous | Next,sku_231_thumb.jpg,sku_231_detail.jpg,http://www.cpowerco.com/ProductDetail.aspx?id=231
230,VDE ROUND NOSE PLIER,VDE ROUND NOSE PLIER | Time： | 2015-9-11 15:05:43 | Click： | 3420 | Previous | Next | Previous | Next,sku_230_thumb.jpg,sku_230_detail.jpg,http://www.cpowerco.com/ProductDetail.aspx?id=230
229,VDE WIRE STRIPPING PLIER,VDE WIRE STRIPPING PLIER | Time： | 2015-9-11 15:04:34 | Click： | 3421 | Previous | Next | Previous | Next,sku_229_thumb.jpg,sku_229_detail.jpg,http://www.cpowerco.com/ProductDetail.aspx?id=229
228,VDE SIDE CUTTING PLIERS (HEAVY DUTY),VDE SIDE CUTTING PLIERS (HEAVY DUTY) | Time： | 2015-9-11 14:59:23 | Click： | 3513 | Previous | Next | Previous | Next,sku_228_thumb.jpg,sku_228_detail.jpg,http://www.cpowerco.com/ProductDetail.aspx?id=228
227,VDE FLAT NOSE PLIERS,VDE FLAT NOSE PLIERS | Time： | 2015-9-11 14:57:50 | Click： | 3355 | Previous | Next | Previous | Next,sku_227_thumb.jpg,sku_227_detail.jpg,http://www.cpowerco.com/ProductDetail.aspx?id=227
226,VDE BENT NOSE PLIERS,VDE BENT NOSE PLIERS | Time： | 2015-9-11 14:56:46 | Click： | 3423 | Previous | Next | Previous | Next,sku_226_thumb.jpg,sku_226_detail.jpg,http://www.cpowerco.com/ProductDetail.aspx?id=226
225,VDE SIDE CUTTING PLIERS,VDE SIDE CUTTING PLIERS | Time： | 2015-9-11 14:55:52 | Click： | 3355 | Previous | Next | Previous | Next,sku_225_thumb.jpg,sku_225_detail.jpg,http://www.cpowerco.com/ProductDetail.aspx?id=225
224,VDE LONG NOSE PLIERS,VDE LONG NOSE PLIERS | Time： | 2015-9-11 14:54:46 | Click： | 3228 | Previous | Next | Previous | Next,sku_224_thumb.jpg,sku_224_detail.jpg,http://www.cpowerco.com/ProductDetail.aspx?id=224
172,HIP ROOF TOOL BOX,HIP ROOF TOOL BOX | Time： | 2015-9-6 16:52:27 | Click： | 4369 | Next | Next,sku_172_thumb.jpg,sku_172_detail.jpg,http://www.cpowerco.com/ProductDetail.aspx?id=172
171,4 DRAWERS TOOL CHEST,4 DRAWERS TOOL CHEST | Time： | 2015-9-6 16:51:07 | Click： | 3419 | Previous | Next | Previous | Next,sku_171_thumb.jpg,sku_171_detail.jpg,http://www.cpowerco.com/ProductDetail.aspx?id=171
170,4 DRAWERS TOOL CHEST,4 DRAWERS TOOL CHEST | Time： | 2015-9-6 16:45:34 | Click： | 3287 | Previous | Next | Previous | Next,sku_170_thumb.jpg,sku_170_detail.jpg,http://www.cpowerco.com/ProductDetail.aspx?id=170
169,7 RAWERS TOOL CABINET,7 RAWERS TOOL CABINET | Time： | 2015-9-6 16:09:52 | Click： | 4246 | Previous | Next | Previous | Next,sku_169_thumb.jpg,sku_169_detail.jpg,http://www.cpowerco.com/ProductDetail.aspx?id=169
168,6 D4 DRAWER TOP CHEST & 2 DRAWER ROLLER CABINET,6 D4 DRAWER TOP CHEST & 2 DRAWER ROLLER CABINET | Time： | 2015-9-6 16:08:48 | Click： | 4220 | Previous | Next | Previous | Next,sku_168_thumb.jpg,sku_168_detail.jpg,http://www.cpowerco.com/ProductDetail.aspx?id=168
167,6 DRAWERS ROLLER CABINET,6 DRAWERS ROLLER CABINET | Time： | 2015-9-6 16:07:54 | Click： | 3322 | Previous | Next | Previous | Next,sku_167_thumb.jpg,sku_167_detail.jpg,http://www.cpowerco.com/ProductDetail.aspx?id=167
166,7 DRAWERS ROLLER CABINET,7 DRAWERS ROLLER CABINET | Time： | 2015-9-6 16:07:08 | Click： | 3155 | Previous | Previous,sku_166_thumb.jpg,sku_166_detail.jpg,http://www.cpowerco.com/ProductDetail.aspx?id=166
165,FEXIBLE HANDLE,FEXIBLE HANDLE | Time： | 2015-8-29 18:15:07 | Click： | 3418 | Next | Next,sku_165_thumb.jpg,sku_165_detail.jpg,http://www.cpowerco.com/ProductDetail.aspx?id=165
164,SLIDING T BAR,SLIDING T BAR | Time： | 2015-8-29 18:13:42 | Click： | 3215 | Previous | Next | Previous | Next,sku_164_thumb.jpg,sku_164_detail.jpg,http://www.cpowerco.com/ProductDetail.aspx?id=164
163,EXTENSTION T BAR,EXTENSTION T BAR | Time： | 2015-8-29 18:11:32 | Click： | 3208 | Previous | Next | Previous | Next,sku_163_thumb.jpg,sku_163_detail.jpg,http://www.cpowerco.com/ProductDetail.aspx?id=163
162,SLIDING T BAR,SLIDING T BAR | Time： | 2015-8-29 18:07:43 | Click： | 3169 | Previous | Next | Previous | Next,sku_162_thumb.jpg,sku_162_detail.jpg,http://www.cpowerco.com/ProductDetail.aspx?id=162
161,SOCKET SET,SOCKET SET | Time： | 2015-8-29 18:05:22 | Click： | 3100 | Previous | Next | Previous | Next,sku_161_thumb.jpg,sku_161_detail.jpg,http://www.cpowerco.com/ProductDetail.aspx?id=161
160,RACHET HANDLE,RACHET HANDLE | Time： | 2015-8-29 18:04:04 | Click： | 2971 | Previous | Next | Previous | Next,sku_160_thumb.jpg,sku_160_detail.jpg,http://www.cpowerco.com/ProductDetail.aspx?id=160
159,RACHET HANDLE,RACHET HANDLE | Time： | 2015-8-29 18:02:25 | Click： | 3183 | Previous | Next | Previous | Next,sku_159_thumb.jpg,sku_159_detail.jpg,http://www.cpowerco.com/ProductDetail.aspx?id=159
158,RACHET HANDLE,RACHET HANDLE | Time： | 2015-8-29 18:00:24 | Click： | 3014 | Previous | Next | Previous | Next,sku_158_thumb.jpg,sku_158_detail.jpg,http://www.cpowerco.com/ProductDetail.aspx?id=158
157,SPARK PLUG SOCKET,SPARK PLUG SOCKET | Time： | 2015-8-29 17:55:00 | Click： | 3139 | Previous | Next | Previous | Next,sku_157_thumb.jpg,sku_157_detail.jpg,http://www.cpowerco.com/ProductDetail.aspx?id=157
133,71PCS BITS SET,71PCS BITS SET | Time： | 2015-8-29 16:59:28 | Click： | 3168 | Next | Next,sku_133_thumb.jpg,sku_133_detail.jpg,http://www.cpowerco.com/ProductDetail.aspx?id=133
132,26PCS SOCKETS SET,26PCS SOCKETS SET | Time： | 2015-8-29 16:58:20 | Click： | 3147 | Previous | Next | Previous | Next,sku_132_thumb.jpg,sku_132_detail.jpg,http://www.cpowerco.com/ProductDetail.aspx?id=132
130,32PCS BITS SET,32PCS BITS SET | Time： | 2015-8-29 16:56:59 | Click： | 3112 | Previous | Next | Previous | Next,sku_130_thumb.jpg,sku_130_detail.jpg,http://www.cpowerco.com/ProductDetail.aspx?id=130
129,32PCS BITS SET,32PCS BITS SET | Time： | 2015-8-29 16:55:28 | Click： | 3090 | Previous | Next | Previous | Next,sku_129_thumb.jpg,sku_129_detail.jpg,http://www.cpowerco.com/ProductDetail.aspx?id=129
126,24PCS BITS SET,24PCS BITS SET | Time： | 2015-8-29 16:49:52 | Click： | 3081 | Previous | Next | Previous | Next,sku_126_thumb.jpg,sku_126_detail.jpg,http://www.cpowerco.com/ProductDetail.aspx?id=126
125,19PCS BITS SET,19PCS BITS SET | Time： | 2015-8-29 16:48:44 | Click： | 3150 | Previous | Next | Previous | Next,sku_125_thumb.jpg,sku_125_detail.jpg,http://www.cpowerco.com/ProductDetail.aspx?id=125
124,ADJUSTABLE MAGNETIC BIT HOLDER,ADJUSTABLE MAGNETIC BIT HOLDER | Time： | 2015-8-29 16:47:41 | Click： | 3243 | Previous | Next | Previous | Next,sku_124_thumb.jpg,sku_124_detail.jpg,http://www.cpowerco.com/ProductDetail.aspx?id=124
121,QUICK RELEASE BIT HOLDER,QUICK RELEASE BIT HOLDER | Time： | 2015-8-29 16:46:08 | Click： | 3085 | Previous | Next | Previous | Next,sku_121_thumb.jpg,sku_121_detail.jpg,http://www.cpowerco.com/ProductDetail.aspx?id=121
115,BIT POZIDRIV TITANNIUM,BIT POZIDRIV TITANNIUM | Time： | 2015-8-29 16:27:57 | Click： | 3133 | Previous | Next | Previous | Next,sku_115_thumb.jpg,sku_115_detail.jpg,http://www.cpowerco.com/ProductDetail.aspx?id=115
90,"72PCS 1/2"" & 1/4"" DRIVE SOCKET SET","72PCS 1/2"" & 1/4"" DRIVE SOCKET SET | Time： | 2015-8-29 15:21:51 | Click： | 3466 | Next | Next",sku_90_thumb.jpg,sku_90_detail.jpg,http://www.cpowerco.com/ProductDetail.aspx?id=90
89,"150PCS 1/2"" & 3/8"" & 1/4"" DRIVE SOCKET SET","150PCS 1/2"" & 3/8"" & 1/4"" DRIVE SOCKET SET | Time： | 2015-8-29 15:20:48 | Click： | 3061 | Previous | Next | Previous | Next",sku_89_thumb.jpg,sku_89_detail.jpg,http://www.cpowerco.com/ProductDetail.aspx?id=89
82,"171PCS 1/2"" & 3/8"" & 1/4"" DRIVE SOCKET SET","171PCS 1/2"" & 3/8"" & 1/4"" DRIVE SOCKET SET | Time： | 2015-8-29 14:52:57 | Click： | 3186 | Previous | Next | Previous | Next",sku_82_thumb.jpg,sku_82_detail.jpg,http://www.cpowerco.com/ProductDetail.aspx?id=82
81,"22PCS 1/2"" DRIVE SOCKET SET","22PCS 1/2"" DRIVE SOCKET SET | Time： | 2015-8-29 14:51:39 | Click： | 3032 | Previous | Next | Previous | Next",sku_81_thumb.jpg,sku_81_detail.jpg,http://www.cpowerco.com/ProductDetail.aspx?id=81
80,"120PCS 1/2"" & 3/8"" & 1/4"" DRIVE SOCKET SET","120PCS 1/2"" & 3/8"" & 1/4"" DRIVE SOCKET SET | Time： | 2015-8-29 14:50:10 | Click： | 3177 | Previous | Next | Previous | Next",sku_80_thumb.jpg,sku_80_detail.jpg,http://www.cpowerco.com/ProductDetail.aspx?id=80
79,"110PCS 1/2"" & 1/4"" DRIVE SOCKET SET","110PCS 1/2"" & 1/4"" DRIVE SOCKET SET | Time： | 2015-8-29 14:47:41 | Click： | 3177 | Previous | Next | Previous | Next",sku_79_thumb.jpg,sku_79_detail.jpg,http://www.cpowerco.com/ProductDetail.aspx?id=79
73,"32PCS 1/2"" DRIVE SOCKET SET","32PCS 1/2"" DRIVE SOCKET SET | Time： | 2015-8-29 12:16:35 | Click： | 3202 | Previous | Next | Previous | Next",sku_73_thumb.jpg,sku_73_detail.jpg,http://www.cpowerco.com/ProductDetail.aspx?id=73
72,46PCS 1/4” DRIVE SOCKET SET,46PCS 1/4” DRIVE SOCKET SET | Time： | 2015-8-29 11:47:19 | Click： | 3182 | Previous | Next | Previous | Next,sku_72_thumb.jpg,sku_72_detail.jpg,http://www.cpowerco.com/ProductDetail.aspx?id=72
71,"25PCS 1/2"" EXTENSION RATCHET SET","25PCS 1/2"" EXTENSION RATCHET SET | Time： | 2015-8-29 11:40:25 | Click： | 3191 | Previous | Next | Previous | Next",sku_71_thumb.jpg,sku_71_detail.jpg,http://www.cpowerco.com/ProductDetail.aspx?id=71
302,压胶枪,压胶枪 | Time： | 2024-11-26 10:17:03 | Click： | 676 | Next | Next,sku_302_thumb.jpg,,http://www.cpowerco.com/ProductDetail.aspx?id=302
