product_id,sku_title,description,image_file,url
8,COMBINATION LABOR SAVING PLIER,COMBINATION LABOR SAVING PLIER | Time： | 2015-8-27 9:53:23 | Click： | 2864 | Previous | Previous,sku_8.jpg,http://www.cpowerco.com/ProductDetail.aspx?id=8
9,COMBINATION LABOR SAVING PLIER,COMBINATION LABOR SAVING PLIER | Time： | 2015-8-27 10:05:53 | Click： | 2997 | Previous | Next | Previous | Next,sku_9.jpg,http://www.cpowerco.com/ProductDetail.aspx?id=9
10,COMBINATION LABOR SAVING PLIER,COMBINATION LABOR SAVING PLIER | Time： | 2015-8-27 10:10:55 | Click： | 2907 | Previous | Next | Previous | Next,sku_10.jpg,http://www.cpowerco.com/ProductDetail.aspx?id=10
11,LONG NOSE LABOR SAVING PLIER,LONG NOSE LABOR SAVING PLIER | Time： | 2015-8-27 10:13:17 | Click： | 2842 | Previous | Next | Previous | Next,sku_11.jpg,http://www.cpowerco.com/ProductDetail.aspx?id=11
12,SIDE CUTTING LABOR SAVING PLIER,SIDE CUTTING LABOR SAVING PLIER | Time： | 2015-8-27 10:15:45 | Click： | 3095 | Previous | Next | Previous | Next,sku_12.jpg,http://www.cpowerco.com/ProductDetail.aspx?id=12
13,COMBINATION LABOR SAVING PLIER,COMBINATION LABOR SAVING PLIER | Time： | 2015-8-27 10:38:08 | Click： | 3125 | Previous | Next | Previous | Next,sku_13.jpg,http://www.cpowerco.com/ProductDetail.aspx?id=13
14,LONG NOSE ERGONOMICAL PLIER,LONG NOSE ERGONOMICAL PLIER | Time： | 2015-8-27 10:48:50 | Click： | 3115 | Previous | Next | Previous | Next,sku_14.jpg,http://www.cpowerco.com/ProductDetail.aspx?id=14
15,SIDE CUTTING ERGONOMICAL PLIER,SIDE CUTTING ERGONOMICAL PLIER | Time： | 2015-8-27 11:04:10 | Click： | 3068 | Previous | Next | Previous | Next,sku_15.jpg,http://www.cpowerco.com/ProductDetail.aspx?id=15
16,COMBINATION ERGONOMICAL PLIER,COMBINATION ERGONOMICAL PLIER | Time： | 2015-8-27 11:06:40 | Click： | 3075 | Next | Next,sku_16.jpg,http://www.cpowerco.com/ProductDetail.aspx?id=16
17,Galvanized Pallet Truck,Galvanized Pallet Truck | Time： | 2015-8-27 11:15:37 | Click： | 3052 | Previous | Previous,sku_17.jpg,http://www.cpowerco.com/ProductDetail.aspx?id=17
18,Stainless Steel Pallet Truck,Stainless Steel Pallet Truck | Time： | 2015-8-27 11:22:14 | Click： | 3097 | Previous | Next | Previous | Next,sku_18.jpg,http://www.cpowerco.com/ProductDetail.aspx?id=18
19,Hand Pallet Truck,Hand Pallet Truck | Time： | 2015-8-27 11:33:05 | Click： | 2889 | Previous | Next | Previous | Next,sku_19.jpg,http://www.cpowerco.com/ProductDetail.aspx?id=19
20,Hand pallet Truck Light-Duty,Hand pallet Truck Light-Duty | Time： | 2015-8-27 11:43:18 | Click： | 3026 | Previous | Next | Previous | Next,sku_20.jpg,http://www.cpowerco.com/ProductDetail.aspx?id=20
21,Flashlight,Flashlight | Time： | 2015-8-27 14:31:54 | Click： | 2982 | Previous | Previous,sku_21.jpg,http://www.cpowerco.com/ProductDetail.aspx?id=21
22,Flashlight,Flashlight | Time： | 2015-8-27 14:37:59 | Click： | 3067 | Previous | Next | Previous | Next,sku_22.jpg,http://www.cpowerco.com/ProductDetail.aspx?id=22
23,Flashlight,Flashlight | Time： | 2015-8-27 14:42:56 | Click： | 2940 | Previous | Next | Previous | Next,sku_23.jpg,http://www.cpowerco.com/ProductDetail.aspx?id=23
24,Flashlight,Flashlight | Time： | 2015-8-27 14:45:38 | Click： | 3051 | Previous | Next | Previous | Next,sku_24.jpg,http://www.cpowerco.com/ProductDetail.aspx?id=24
25,Flashlight,Flashlight | Time： | 2015-8-27 14:50:32 | Click： | 3157 | Previous | Next | Previous | Next,sku_25.jpg,http://www.cpowerco.com/ProductDetail.aspx?id=25
26,Flashlight,Flashlight | Time： | 2015-8-27 14:52:24 | Click： | 3282 | Next | Next,sku_26.jpg,http://www.cpowerco.com/ProductDetail.aspx?id=26
27,THICKNESS GAUGE,THICKNESS GAUGE | Time： | 2015-8-27 14:57:57 | Click： | 1537 | Previous | Previous,sku_27.jpg,http://www.cpowerco.com/ProductDetail.aspx?id=27
28,THICKNESS GAUGE,THICKNESS GAUGE | Time： | 2015-8-27 15:00:27 | Click： | 1646 | Previous | Next | Previous | Next,sku_28.jpg,http://www.cpowerco.com/ProductDetail.aspx?id=28
29,SQUARE (WOODEN HANDLE),SQUARE (WOODEN HANDLE) | Time： | 2015-8-27 15:02:18 | Click： | 1696 | Previous | Next | Previous | Next,sku_29.jpg,http://www.cpowerco.com/ProductDetail.aspx?id=29
30,ALUMINIUM SQUARE (HEAVY DUTY),ALUMINIUM SQUARE (HEAVY DUTY) | Time： | 2015-8-27 15:03:53 | Click： | 1635 | Previous | Next | Previous | Next,sku_30.jpg,http://www.cpowerco.com/ProductDetail.aspx?id=30
31,ALUMINIUM LEVEL (HEAVY DUTY),ALUMINIUM LEVEL (HEAVY DUTY) | Time： | 2015-8-27 15:05:27 | Click： | 1745 | Previous | Next | Previous | Next,sku_31.jpg,http://www.cpowerco.com/ProductDetail.aspx?id=31
32,Hand Pallrt Truch,Hand Pallrt Truch | Time： | 2015-8-27 15:26:19 | Click： | 3229 | Next | Next,sku_32.jpg,http://www.cpowerco.com/ProductDetail.aspx?id=32
33,DOUBLE DISPLAY DIGITAL MICROMETER,DOUBLE DISPLAY DIGITAL MICROMETER | Time： | 2015-8-29 8:55:58 | Click： | 1688 | Previous | Next | Previous | Next,sku_33.jpg,http://www.cpowerco.com/ProductDetail.aspx?id=33
34,DIGITAL MICROMETER (DIN CERTIFICATE),DIGITAL MICROMETER (DIN CERTIFICATE) | Time： | 2015-8-29 8:59:49 | Click： | 1620 | Previous | Next | Previous | Next,sku_34.jpg,http://www.cpowerco.com/ProductDetail.aspx?id=34
35,DIGITAL MICROMETER (5 BUTTONS),DIGITAL MICROMETER (5 BUTTONS) | Time： | 2015-8-29 9:02:18 | Click： | 1660 | Previous | Next | Previous | Next,sku_35.jpg,http://www.cpowerco.com/ProductDetail.aspx?id=35
36,CALIPER (DIN CERTIFICATE),CALIPER (DIN CERTIFICATE) | Time： | 2015-8-29 9:08:02 | Click： | 1645 | Previous | Next | Previous | Next,sku_36.jpg,http://www.cpowerco.com/ProductDetail.aspx?id=36
37,CALIPER (DIN CERTIFICATE),CALIPER (DIN CERTIFICATE) | Time： | 2015-8-29 9:10:26 | Click： | 1631 | Previous | Next | Previous | Next,sku_37.jpg,http://www.cpowerco.com/ProductDetail.aspx?id=37
38,WOODEN FOLDING RULE,WOODEN FOLDING RULE | Time： | 2015-8-29 9:14:11 | Click： | 1568 | Previous | Next | Previous | Next,sku_38.jpg,http://www.cpowerco.com/ProductDetail.aspx?id=38
39,WOODEN FOLDING RULE,WOODEN FOLDING RULE | Time： | 2015-8-29 9:16:46 | Click： | 1685 | Previous | Next | Previous | Next,sku_39.jpg,http://www.cpowerco.com/ProductDetail.aspx?id=39
40,TORPEDO LEVEL,TORPEDO LEVEL | Time： | 2015-8-29 9:24:50 | Click： | 1715 | Previous | Next | Previous | Next,sku_40.jpg,http://www.cpowerco.com/ProductDetail.aspx?id=40
41,TORPEDO LEVEL,TORPEDO LEVEL | Time： | 2015-8-29 9:30:42 | Click： | 1592 | Previous | Next | Previous | Next,sku_41.jpg,http://www.cpowerco.com/ProductDetail.aspx?id=41
42,TORPEDO LEVEL,TORPEDO LEVEL | Time： | 2015-8-29 9:32:41 | Click： | 1574 | Previous | Next | Previous | Next,sku_42.jpg,http://www.cpowerco.com/ProductDetail.aspx?id=42
43,TORPEDO LEVEL,TORPEDO LEVEL | Time： | 2015-8-29 9:54:18 | Click： | 1437 | Previous | Next | Previous | Next,sku_43.jpg,http://www.cpowerco.com/ProductDetail.aspx?id=43
44,TORPEDO LEVEL,TORPEDO LEVEL | Time： | 2015-8-29 9:55:53 | Click： | 1544 | Previous | Next | Previous | Next,sku_44.jpg,http://www.cpowerco.com/ProductDetail.aspx?id=44
45,ALUMINIUM LEVEL,ALUMINIUM LEVEL | Time： | 2015-8-29 9:59:35 | Click： | 1613 | Previous | Next | Previous | Next,sku_45.jpg,http://www.cpowerco.com/ProductDetail.aspx?id=45
46,ALUMINIUM LEVEL,ALUMINIUM LEVEL | Time： | 2015-8-29 10:02:00 | Click： | 1593 | Previous | Next | Previous | Next,sku_46.jpg,http://www.cpowerco.com/ProductDetail.aspx?id=46
47,ALUMINIUM LEVEL,ALUMINIUM LEVEL | Time： | 2015-8-29 10:03:58 | Click： | 1633 | Previous | Next | Previous | Next,sku_47.jpg,http://www.cpowerco.com/ProductDetail.aspx?id=47
48,ALUMINIUM LEVEL,ALUMINIUM LEVEL | Time： | 2015-8-29 10:05:35 | Click： | 1571 | Previous | Next | Previous | Next,sku_48.jpg,http://www.cpowerco.com/ProductDetail.aspx?id=48
49,ALUMINIUM LEVEL,ALUMINIUM LEVEL | Time： | 2015-8-29 10:09:58 | Click： | 1571 | Previous | Next | Previous | Next,sku_49.jpg,http://www.cpowerco.com/ProductDetail.aspx?id=49
50,ALUMINIUM LEVEL,ALUMINIUM LEVEL | Time： | 2015-8-29 10:11:34 | Click： | 1438 | Previous | Next | Previous | Next,sku_50.jpg,http://www.cpowerco.com/ProductDetail.aspx?id=50
51,ALUMINIUM LEVEL,ALUMINIUM LEVEL | Time： | 2015-8-29 10:12:48 | Click： | 1548 | Previous | Next | Previous | Next,sku_51.jpg,http://www.cpowerco.com/ProductDetail.aspx?id=51
52,ALUMINIUM LEVEL,ALUMINIUM LEVEL | Time： | 2015-8-29 10:14:25 | Click： | 1487 | Previous | Next | Previous | Next,sku_52.jpg,http://www.cpowerco.com/ProductDetail.aspx?id=52
53,TAPE MEASURE,TAPE MEASURE | Time： | 2015-8-29 10:18:56 | Click： | 1514 | Previous | Next | Previous | Next,sku_53.jpg,http://www.cpowerco.com/ProductDetail.aspx?id=53
54,LONG TAPE,LONG TAPE | Time： | 2015-8-29 10:20:49 | Click： | 1606 | Previous | Next | Previous | Next,sku_54.jpg,http://www.cpowerco.com/ProductDetail.aspx?id=54
55,LONG TAPE,LONG TAPE | Time： | 2015-8-29 10:23:47 | Click： | 1771 | Previous | Next | Previous | Next,sku_55.jpg,http://www.cpowerco.com/ProductDetail.aspx?id=55
56,LONG TAPE,LONG TAPE | Time： | 2015-8-29 10:25:36 | Click： | 1564 | Previous | Next | Previous | Next,sku_56.jpg,http://www.cpowerco.com/ProductDetail.aspx?id=56
57,LONG TAPE,LONG TAPE | Time： | 2015-8-29 10:31:21 | Click： | 1526 | Previous | Next | Previous | Next,sku_57.jpg,http://www.cpowerco.com/ProductDetail.aspx?id=57
58,TAPE MEASURE,TAPE MEASURE | Time： | 2015-8-29 10:36:33 | Click： | 1783 | Previous | Next | Previous | Next,sku_58.jpg,http://www.cpowerco.com/ProductDetail.aspx?id=58
59,TAPE MEASURE,TAPE MEASURE | Time： | 2015-8-29 10:38:19 | Click： | 1615 | Previous | Next | Previous | Next,sku_59.jpg,http://www.cpowerco.com/ProductDetail.aspx?id=59
60,TAPE MEASURE,TAPE MEASURE | Time： | 2015-8-29 10:40:02 | Click： | 1589 | Previous | Next | Previous | Next,sku_60.jpg,http://www.cpowerco.com/ProductDetail.aspx?id=60
61,TAPE MEASURE,TAPE MEASURE | Time： | 2015-8-29 10:44:27 | Click： | 2955 | Previous | Next | Previous | Next,sku_61.jpg,http://www.cpowerco.com/ProductDetail.aspx?id=61
62,TAPE MEASURE,TAPE MEASURE | Time： | 2015-8-29 10:46:31 | Click： | 2988 | Previous | Next | Previous | Next,sku_62.jpg,http://www.cpowerco.com/ProductDetail.aspx?id=62
63,TAPE MEASURE,TAPE MEASURE | Time： | 2015-8-29 10:48:12 | Click： | 3074 | Previous | Next | Previous | Next,sku_63.jpg,http://www.cpowerco.com/ProductDetail.aspx?id=63
64,TAPE MEASURE,TAPE MEASURE | Time： | 2015-8-29 10:49:56 | Click： | 3009 | Previous | Next | Previous | Next,sku_64.jpg,http://www.cpowerco.com/ProductDetail.aspx?id=64
65,TAPE MEASURE,TAPE MEASURE | Time： | 2015-8-29 10:54:19 | Click： | 2967 | Previous | Next | Previous | Next,sku_65.jpg,http://www.cpowerco.com/ProductDetail.aspx?id=65
66,TAPE MEASURE,TAPE MEASURE | Time： | 2015-8-29 10:56:37 | Click： | 3188 | Previous | Next | Previous | Next,sku_66.jpg,http://www.cpowerco.com/ProductDetail.aspx?id=66
67,TAPE MEASURE,TAPE MEASURE | Time： | 2015-8-29 10:58:21 | Click： | 3217 | Previous | Next | Previous | Next,sku_67.jpg,http://www.cpowerco.com/ProductDetail.aspx?id=67
68,TAPE MEASURE,TAPE MEASURE | Time： | 2015-8-29 10:59:57 | Click： | 3070 | Previous | Next | Previous | Next,sku_68.jpg,http://www.cpowerco.com/ProductDetail.aspx?id=68
69,TAPE MEASURE,TAPE MEASURE | Time： | 2015-8-29 11:04:41 | Click： | 4324 | Next | Next,sku_69.jpg,http://www.cpowerco.com/ProductDetail.aspx?id=69
70,"94PCS 1/2"" & 1/4"" RATCHET SOCKET SET","94PCS 1/2"" & 1/4"" RATCHET SOCKET SET | Time： | 2015-8-29 11:38:01 | Click： | 2157 | Previous | Previous",sku_70.jpg,http://www.cpowerco.com/ProductDetail.aspx?id=70
71,"25PCS 1/2"" EXTENSION RATCHET SET","25PCS 1/2"" EXTENSION RATCHET SET | Time： | 2015-8-29 11:40:25 | Click： | 3185 | Previous | Next | Previous | Next",sku_71.jpg,http://www.cpowerco.com/ProductDetail.aspx?id=71
72,46PCS 1/4” DRIVE SOCKET SET,46PCS 1/4” DRIVE SOCKET SET | Time： | 2015-8-29 11:47:19 | Click： | 3173 | Previous | Next | Previous | Next,sku_72.jpg,http://www.cpowerco.com/ProductDetail.aspx?id=72
73,"32PCS 1/2"" DRIVE SOCKET SET","32PCS 1/2"" DRIVE SOCKET SET | Time： | 2015-8-29 12:16:35 | Click： | 3195 | Previous | Next | Previous | Next",sku_73.jpg,http://www.cpowerco.com/ProductDetail.aspx?id=73
74,HEX KEYS,HEX KEYS | Time： | 2015-8-29 14:37:07 | Click： | 1785 | Previous | Previous,sku_74.jpg,http://www.cpowerco.com/ProductDetail.aspx?id=74
75,HEX KEYS,HEX KEYS | Time： | 2015-8-29 14:40:24 | Click： | 1635 | Previous | Next | Previous | Next,sku_75.jpg,http://www.cpowerco.com/ProductDetail.aspx?id=75
76,HEX KEYS,HEX KEYS | Time： | 2015-8-29 14:42:40 | Click： | 1765 | Previous | Next | Previous | Next,sku_76.jpg,http://www.cpowerco.com/ProductDetail.aspx?id=76
77,HEX KEYS,HEX KEYS | Time： | 2015-8-29 14:44:36 | Click： | 1801 | Previous | Next | Previous | Next,sku_77.jpg,http://www.cpowerco.com/ProductDetail.aspx?id=77
78,HEX KEYS,HEX KEYS | Time： | 2015-8-29 14:46:17 | Click： | 1697 | Previous | Next | Previous | Next,sku_78.jpg,http://www.cpowerco.com/ProductDetail.aspx?id=78
79,"110PCS 1/2"" & 1/4"" DRIVE SOCKET SET","110PCS 1/2"" & 1/4"" DRIVE SOCKET SET | Time： | 2015-8-29 14:47:41 | Click： | 3172 | Previous | Next | Previous | Next",sku_79.jpg,http://www.cpowerco.com/ProductDetail.aspx?id=79
80,"120PCS 1/2"" & 3/8"" & 1/4"" DRIVE SOCKET SET","120PCS 1/2"" & 3/8"" & 1/4"" DRIVE SOCKET SET | Time： | 2015-8-29 14:50:10 | Click： | 3171 | Previous | Next | Previous | Next",sku_80.jpg,http://www.cpowerco.com/ProductDetail.aspx?id=80
81,"22PCS 1/2"" DRIVE SOCKET SET","22PCS 1/2"" DRIVE SOCKET SET | Time： | 2015-8-29 14:51:39 | Click： | 3025 | Previous | Next | Previous | Next",sku_81.jpg,http://www.cpowerco.com/ProductDetail.aspx?id=81
82,"171PCS 1/2"" & 3/8"" & 1/4"" DRIVE SOCKET SET","171PCS 1/2"" & 3/8"" & 1/4"" DRIVE SOCKET SET | Time： | 2015-8-29 14:52:57 | Click： | 3180 | Previous | Next | Previous | Next",sku_82.jpg,http://www.cpowerco.com/ProductDetail.aspx?id=82
83,STAR 5-POINT KEYS,STAR 5-POINT KEYS | Time： | 2015-8-29 15:04:29 | Click： | 1473 | Previous | Next | Previous | Next,sku_83.jpg,http://www.cpowerco.com/ProductDetail.aspx?id=83
84,HEX KEYS,HEX KEYS | Time： | 2015-8-29 15:06:52 | Click： | 1402 | Previous | Next | Previous | Next,sku_84.jpg,http://www.cpowerco.com/ProductDetail.aspx?id=84
85,HEX KEYS,HEX KEYS | Time： | 2015-8-29 15:09:23 | Click： | 1501 | Previous | Next | Previous | Next,sku_85.jpg,http://www.cpowerco.com/ProductDetail.aspx?id=85
86,HEX KEYS,HEX KEYS | Time： | 2015-8-29 15:13:15 | Click： | 1234 | Previous | Next | Previous | Next,sku_86.jpg,http://www.cpowerco.com/ProductDetail.aspx?id=86
87,HEX KEYS,HEX KEYS | Time： | 2015-8-29 15:13:47 | Click： | 1482 | Previous | Next | Previous | Next,sku_87.jpg,http://www.cpowerco.com/ProductDetail.aspx?id=87
88,HEX KEYS (BALL-ENDED),HEX KEYS (BALL-ENDED) | Time： | 2015-8-29 15:14:22 | Click： | 1549 | Previous | Next | Previous | Next,sku_88.jpg,http://www.cpowerco.com/ProductDetail.aspx?id=88
89,"150PCS 1/2"" & 3/8"" & 1/4"" DRIVE SOCKET SET","150PCS 1/2"" & 3/8"" & 1/4"" DRIVE SOCKET SET | Time： | 2015-8-29 15:20:48 | Click： | 3055 | Previous | Next | Previous | Next",sku_89.jpg,http://www.cpowerco.com/ProductDetail.aspx?id=89
90,"72PCS 1/2"" & 1/4"" DRIVE SOCKET SET","72PCS 1/2"" & 1/4"" DRIVE SOCKET SET | Time： | 2015-8-29 15:21:51 | Click： | 3457 | Next | Next",sku_90.jpg,http://www.cpowerco.com/ProductDetail.aspx?id=90
91,CROSS RIM WRENCHES,CROSS RIM WRENCHES | Time： | 2015-8-29 15:28:16 | Click： | 1452 | Previous | Next | Previous | Next,sku_91.jpg,http://www.cpowerco.com/ProductDetail.aspx?id=91
92,TUBE SPANNERS,TUBE SPANNERS | Time： | 2015-8-29 15:33:25 | Click： | 1504 | Previous | Next | Previous | Next,sku_92.jpg,http://www.cpowerco.com/ProductDetail.aspx?id=92
93,L ANGLE TYPE WRENCHES,L ANGLE TYPE WRENCHES | Time： | 2015-8-29 15:35:01 | Click： | 1476 | Previous | Next | Previous | Next,sku_93.jpg,http://www.cpowerco.com/ProductDetail.aspx?id=93
94,DOUBLE END SWIVEL SOCKET WRENCHES,DOUBLE END SWIVEL SOCKET WRENCHES | Time： | 2015-8-29 15:40:11 | Click： | 1653 | Previous | Next | Previous | Next,sku_94.jpg,http://www.cpowerco.com/ProductDetail.aspx?id=94
95,FLEXIBLE TORX WRENCHES,FLEXIBLE TORX WRENCHES | Time： | 2015-8-29 15:42:17 | Click： | 1583 | Previous | Next | Previous | Next,sku_95.jpg,http://www.cpowerco.com/ProductDetail.aspx?id=95
96,FLEXIBLE SOCKET OPEN WRENCHES,FLEXIBLE SOCKET OPEN WRENCHES | Time： | 2015-8-29 15:43:58 | Click： | 1656 | Previous | Next | Previous | Next,sku_96.jpg,http://www.cpowerco.com/ProductDetail.aspx?id=96
97,HALF-MOON RING WRENCHES,HALF-MOON RING WRENCHES | Time： | 2015-8-29 16:01:18 | Click： | 1776 | Previous | Next | Previous | Next,sku_97.jpg,http://www.cpowerco.com/ProductDetail.aspx?id=97
98,BIT PHILLIPS,BIT PHILLIPS | Time： | 2015-8-29 16:07:59 | Click： | 1879 | Previous | Previous,sku_98.jpg,http://www.cpowerco.com/ProductDetail.aspx?id=98
99,8 IN 1 SOCKET WRENCHES,8 IN 1 SOCKET WRENCHES | Time： | 2015-8-29 16:08:25 | Click： | 1691 | Previous | Next | Previous | Next,sku_99.jpg,http://www.cpowerco.com/ProductDetail.aspx?id=99
100,BIT POZIDRIV,BIT POZIDRIV | Time： | 2015-8-29 16:08:43 | Click： | 1905 | Previous | Next | Previous | Next,sku_100.jpg,http://www.cpowerco.com/ProductDetail.aspx?id=100
101,BIT POZIDRIV,BIT POZIDRIV | Time： | 2015-8-29 16:09:27 | Click： | 2057 | Previous | Next | Previous | Next,sku_101.jpg,http://www.cpowerco.com/ProductDetail.aspx?id=101
102,FLARE NUT WRENCHES,FLARE NUT WRENCHES | Time： | 2015-8-29 16:10:03 | Click： | 1776 | Previous | Next | Previous | Next,sku_102.jpg,http://www.cpowerco.com/ProductDetail.aspx?id=102
103,BIT TORX,BIT TORX | Time： | 2015-8-29 16:10:21 | Click： | 1986 | Previous | Next | Previous | Next,sku_103.jpg,http://www.cpowerco.com/ProductDetail.aspx?id=103
104,SLOGGING RING WRENCHES,SLOGGING RING WRENCHES | Time： | 2015-8-29 16:11:35 | Click： | 1684 | Previous | Next | Previous | Next,sku_104.jpg,http://www.cpowerco.com/ProductDetail.aspx?id=104
105,DOUBLE RATCHET OFFSET RING SPANNERS,DOUBLE RATCHET OFFSET RING SPANNERS | Time： | 2015-8-29 16:15:53 | Click： | 1594 | Previous | Next | Previous | Next,sku_105.jpg,http://www.cpowerco.com/ProductDetail.aspx?id=105
106,COMBINATION RATCHET SPANNERS,COMBINATION RATCHET SPANNERS | Time： | 2015-8-29 16:18:01 | Click： | 1827 | Previous | Next | Previous | Next,sku_106.jpg,http://www.cpowerco.com/ProductDetail.aspx?id=106
107,COMBINATION RATCHET SPANNERS,COMBINATION RATCHET SPANNERS | Time： | 2015-8-29 16:19:54 | Click： | 1782 | Previous | Next | Previous | Next,sku_107.jpg,http://www.cpowerco.com/ProductDetail.aspx?id=107
108,BIT PHILLIPS,BIT PHILLIPS | Time： | 2015-8-29 16:19:57 | Click： | 2013 | Previous | Next | Previous | Next,sku_108.jpg,http://www.cpowerco.com/ProductDetail.aspx?id=108
109,BIT PHILLIPS,BIT PHILLIPS | Time： | 2015-8-29 16:24:09 | Click： | 1830 | Previous | Next | Previous | Next,sku_109.jpg,http://www.cpowerco.com/ProductDetail.aspx?id=109
110,BIT PHILLIPS TITANNIUM,BIT PHILLIPS TITANNIUM | Time： | 2015-8-29 16:25:02 | Click： | 1992 | Previous | Next | Previous | Next,sku_110.jpg,http://www.cpowerco.com/ProductDetail.aspx?id=110
111,COMBINATION RATCHET SPANNERS,COMBINATION RATCHET SPANNERS | Time： | 2015-8-29 16:25:48 | Click： | 1675 | Previous | Next | Previous | Next,sku_111.jpg,http://www.cpowerco.com/ProductDetail.aspx?id=111
112,BIT PHILLIPS TITANNIUM,BIT PHILLIPS TITANNIUM | Time： | 2015-8-29 16:25:55 | Click： | 2078 | Previous | Next | Previous | Next,sku_112.jpg,http://www.cpowerco.com/ProductDetail.aspx?id=112
113,COMBINATION RATCHET SPANNERS,COMBINATION RATCHET SPANNERS | Time： | 2015-8-29 16:26:45 | Click： | 1731 | Previous | Next | Previous | Next,sku_113.jpg,http://www.cpowerco.com/ProductDetail.aspx?id=113
114,BIT POZIDRIV TITANNIUM,BIT POZIDRIV TITANNIUM | Time： | 2015-8-29 16:27:04 | Click： | 2367 | Previous | Next | Previous | Next,sku_114.jpg,http://www.cpowerco.com/ProductDetail.aspx?id=114
115,BIT POZIDRIV TITANNIUM,BIT POZIDRIV TITANNIUM | Time： | 2015-8-29 16:27:57 | Click： | 3129 | Previous | Next | Previous | Next,sku_115.jpg,http://www.cpowerco.com/ProductDetail.aspx?id=115
116,COMBINATION RATCHET SPANNERS,COMBINATION RATCHET SPANNERS | Time： | 2015-8-29 16:30:26 | Click： | 1714 | Previous | Next | Previous | Next,sku_116.jpg,http://www.cpowerco.com/ProductDetail.aspx?id=116
117,DOUBLE OFFSET RING SPANNERS,DOUBLE OFFSET RING SPANNERS | Time： | 2015-8-29 16:32:46 | Click： | 1695 | Previous | Next | Previous | Next,sku_117.jpg,http://www.cpowerco.com/ProductDetail.aspx?id=117
118,DOUBLE OPEN SPANNERS,DOUBLE OPEN SPANNERS | Time： | 2015-8-29 16:37:35 | Click： | 1664 | Previous | Next | Previous | Next,sku_118.jpg,http://www.cpowerco.com/ProductDetail.aspx?id=118
119,DOUBLE OPEN SPANNERS,DOUBLE OPEN SPANNERS | Time： | 2015-8-29 16:39:33 | Click： | 1692 | Previous | Next | Previous | Next,sku_119.jpg,http://www.cpowerco.com/ProductDetail.aspx?id=119
120,HEAVY DUTY COMBINATION SPANNER,HEAVY DUTY COMBINATION SPANNER | Time： | 2015-8-29 16:43:11 | Click： | 1774 | Previous | Next | Previous | Next,sku_120.jpg,http://www.cpowerco.com/ProductDetail.aspx?id=120
121,QUICK RELEASE BIT HOLDER,QUICK RELEASE BIT HOLDER | Time： | 2015-8-29 16:46:08 | Click： | 3081 | Previous | Next | Previous | Next,sku_121.jpg,http://www.cpowerco.com/ProductDetail.aspx?id=121
122,COMBINATION SPANNER,COMBINATION SPANNER | Time： | 2015-8-29 16:46:18 | Click： | 1731 | Previous | Next | Previous | Next,sku_122.jpg,http://www.cpowerco.com/ProductDetail.aspx?id=122
123,COMBINATION SPANNER SET,COMBINATION SPANNER SET | Time： | 2015-8-29 16:47:31 | Click： | 1764 | Previous | Next | Previous | Next,sku_123.jpg,http://www.cpowerco.com/ProductDetail.aspx?id=123
124,ADJUSTABLE MAGNETIC BIT HOLDER,ADJUSTABLE MAGNETIC BIT HOLDER | Time： | 2015-8-29 16:47:41 | Click： | 3238 | Previous | Next | Previous | Next,sku_124.jpg,http://www.cpowerco.com/ProductDetail.aspx?id=124
125,19PCS BITS SET,19PCS BITS SET | Time： | 2015-8-29 16:48:44 | Click： | 3145 | Previous | Next | Previous | Next,sku_125.jpg,http://www.cpowerco.com/ProductDetail.aspx?id=125
126,24PCS BITS SET,24PCS BITS SET | Time： | 2015-8-29 16:49:52 | Click： | 3077 | Previous | Next | Previous | Next,sku_126.jpg,http://www.cpowerco.com/ProductDetail.aspx?id=126
127,COMBINATION SPANNER,COMBINATION SPANNER | Time： | 2015-8-29 16:50:47 | Click： | 1610 | Previous | Next | Previous | Next,sku_127.jpg,http://www.cpowerco.com/ProductDetail.aspx?id=127
128,COMBINATION SPANNER,COMBINATION SPANNER | Time： | 2015-8-29 16:52:49 | Click： | 1579 | Previous | Next | Previous | Next,sku_128.jpg,http://www.cpowerco.com/ProductDetail.aspx?id=128
129,32PCS BITS SET,32PCS BITS SET | Time： | 2015-8-29 16:55:28 | Click： | 3084 | Previous | Next | Previous | Next,sku_129.jpg,http://www.cpowerco.com/ProductDetail.aspx?id=129
130,32PCS BITS SET,32PCS BITS SET | Time： | 2015-8-29 16:56:59 | Click： | 3107 | Previous | Next | Previous | Next,sku_130.jpg,http://www.cpowerco.com/ProductDetail.aspx?id=130
131,ADJUSTABLE WRENCH,ADJUSTABLE WRENCH | Time： | 2015-8-29 16:57:48 | Click： | 1871 | Previous | Next | Previous | Next,sku_131.jpg,http://www.cpowerco.com/ProductDetail.aspx?id=131
132,26PCS SOCKETS SET,26PCS SOCKETS SET | Time： | 2015-8-29 16:58:20 | Click： | 3142 | Previous | Next | Previous | Next,sku_132.jpg,http://www.cpowerco.com/ProductDetail.aspx?id=132
133,71PCS BITS SET,71PCS BITS SET | Time： | 2015-8-29 16:59:28 | Click： | 3162 | Next | Next,sku_133.jpg,http://www.cpowerco.com/ProductDetail.aspx?id=133
134,ADJUSTABLE WRENCH,ADJUSTABLE WRENCH | Time： | 2015-8-29 17:00:40 | Click： | 1696 | Previous | Next | Previous | Next,sku_134.jpg,http://www.cpowerco.com/ProductDetail.aspx?id=134
135,ADJUSTABLE WRENCH,ADJUSTABLE WRENCH | Time： | 2015-8-29 17:02:41 | Click： | 1498 | Previous | Next | Previous | Next,sku_135.jpg,http://www.cpowerco.com/ProductDetail.aspx?id=135
136,ADJUSTABLE WRENCH,ADJUSTABLE WRENCH | Time： | 2015-8-29 17:04:18 | Click： | 1637 | Previous | Next | Previous | Next,sku_136.jpg,http://www.cpowerco.com/ProductDetail.aspx?id=136
137,ADJUSTABLE WRENCH,ADJUSTABLE WRENCH | Time： | 2015-8-29 17:10:11 | Click： | 1703 | Previous | Next | Previous | Next,sku_137.jpg,http://www.cpowerco.com/ProductDetail.aspx?id=137
138,ADJUSTABLE WRENCH RAPIDSLIDE,ADJUSTABLE WRENCH RAPIDSLIDE | Time： | 2015-8-29 17:12:44 | Click： | 2030 | Previous | Next | Previous | Next,sku_138.jpg,http://www.cpowerco.com/ProductDetail.aspx?id=138
139,ADJUSTABLE WRENCH,ADJUSTABLE WRENCH | Time： | 2015-8-29 17:14:29 | Click： | 3218 | Previous | Next | Previous | Next,sku_139.jpg,http://www.cpowerco.com/ProductDetail.aspx?id=139
140,ADJUSTABLE WRENCH,ADJUSTABLE WRENCH | Time： | 2015-8-29 17:16:34 | Click： | 3272 | Previous | Next | Previous | Next,sku_140.jpg,http://www.cpowerco.com/ProductDetail.aspx?id=140
141,SOCKET 6 POINTS,SOCKET 6 POINTS | Time： | 2015-8-29 17:20:48 | Click： | 1734 | Previous | Previous,sku_141.jpg,http://www.cpowerco.com/ProductDetail.aspx?id=141
142,ADJUSTABLE WRENCH WITH SCALE BLACK FINISHED,ADJUSTABLE WRENCH WITH SCALE BLACK FINISHED | Time： | 2015-8-29 17:21:01 | Click： | 3383 | Previous | Next | Previous | Next,sku_142.jpg,http://www.cpowerco.com/ProductDetail.aspx?id=142
143,ADJUSTABLE WRENCH,ADJUSTABLE WRENCH | Time： | 2015-8-29 17:23:34 | Click： | 3098 | Previous | Next | Previous | Next,sku_143.jpg,http://www.cpowerco.com/ProductDetail.aspx?id=143
144,RACHET HANDLE,RACHET HANDLE | Time： | 2015-8-29 17:23:51 | Click： | 1623 | Previous | Next | Previous | Next,sku_144.jpg,http://www.cpowerco.com/ProductDetail.aspx?id=144
145,SLIDING T BAR,SLIDING T BAR | Time： | 2015-8-29 17:24:51 | Click： | 1643 | Previous | Next | Previous | Next,sku_145.jpg,http://www.cpowerco.com/ProductDetail.aspx?id=145
146,ADJUSTABLE WRENCH WITH SCALE,ADJUSTABLE WRENCH WITH SCALE | Time： | 2015-8-29 17:25:40 | Click： | 3253 | Previous | Next | Previous | Next,sku_146.jpg,http://www.cpowerco.com/ProductDetail.aspx?id=146
147,UNIVERSAL JOINT,UNIVERSAL JOINT | Time： | 2015-8-29 17:26:23 | Click： | 1665 | Previous | Next | Previous | Next,sku_147.jpg,http://www.cpowerco.com/ProductDetail.aspx?id=147
148,SOCKET 6 POINTS,SOCKET 6 POINTS | Time： | 2015-8-29 17:28:18 | Click： | 1608 | Previous | Next | Previous | Next,sku_148.jpg,http://www.cpowerco.com/ProductDetail.aspx?id=148
149,ADJUSTABLE WRENCH WITH SCALE,ADJUSTABLE WRENCH WITH SCALE | Time： | 2015-8-29 17:30:03 | Click： | 3310 | Previous | Next | Previous | Next,sku_149.jpg,http://www.cpowerco.com/ProductDetail.aspx?id=149
150,RACHET HANDLE,RACHET HANDLE | Time： | 2015-8-29 17:30:45 | Click： | 1783 | Previous | Next | Previous | Next,sku_150.jpg,http://www.cpowerco.com/ProductDetail.aspx?id=150
151,ADJUSTABLE WRENCH TWO COLOR DIPPING HANDLE WITH SCALE,ADJUSTABLE WRENCH TWO COLOR DIPPING HANDLE WITH SCALE | Time： | 2015-8-29 17:32:41 | Click： | 3163 | Previous | Next | Previous | Next,sku_151.jpg,http://www.cpowerco.com/ProductDetail.aspx?id=151
152,SLIDING T BAR,SLIDING T BAR | Time： | 2015-8-29 17:32:44 | Click： | 1837 | Previous | Next | Previous | Next,sku_152.jpg,http://www.cpowerco.com/ProductDetail.aspx?id=152
153,UNIVERSAL JOINT,UNIVERSAL JOINT | Time： | 2015-8-29 17:33:44 | Click： | 1704 | Previous | Next | Previous | Next,sku_153.jpg,http://www.cpowerco.com/ProductDetail.aspx?id=153
154,ADJUSTABLE WRENCH TPR TWO COLOR HANDLE WITH SCALE,ADJUSTABLE WRENCH TPR TWO COLOR HANDLE WITH SCALE | Time： | 2015-8-29 17:34:43 | Click： | 3328 | Previous | Next | Previous | Next,sku_154.jpg,http://www.cpowerco.com/ProductDetail.aspx?id=154
155,ADJUSTABLE WRENCH TPR TWO COLOR HANDLE WITH SCALE,ADJUSTABLE WRENCH TPR TWO COLOR HANDLE WITH SCALE | Time： | 2015-8-29 17:43:30 | Click： | 3546 | Next | Next,sku_155.jpg,http://www.cpowerco.com/ProductDetail.aspx?id=155
156,SOCKET 6 POINTS,SOCKET 6 POINTS | Time： | 2015-8-29 17:53:19 | Click： | 2282 | Previous | Next | Previous | Next,sku_156.jpg,http://www.cpowerco.com/ProductDetail.aspx?id=156
157,SPARK PLUG SOCKET,SPARK PLUG SOCKET | Time： | 2015-8-29 17:55:00 | Click： | 3126 | Previous | Next | Previous | Next,sku_157.jpg,http://www.cpowerco.com/ProductDetail.aspx?id=157
158,RACHET HANDLE,RACHET HANDLE | Time： | 2015-8-29 18:00:24 | Click： | 3000 | Previous | Next | Previous | Next,sku_158.jpg,http://www.cpowerco.com/ProductDetail.aspx?id=158
159,RACHET HANDLE,RACHET HANDLE | Time： | 2015-8-29 18:02:25 | Click： | 3167 | Previous | Next | Previous | Next,sku_159.jpg,http://www.cpowerco.com/ProductDetail.aspx?id=159
160,RACHET HANDLE,RACHET HANDLE | Time： | 2015-8-29 18:04:04 | Click： | 2958 | Previous | Next | Previous | Next,sku_160.jpg,http://www.cpowerco.com/ProductDetail.aspx?id=160
161,SOCKET SET,SOCKET SET | Time： | 2015-8-29 18:05:22 | Click： | 3082 | Previous | Next | Previous | Next,sku_161.jpg,http://www.cpowerco.com/ProductDetail.aspx?id=161
162,SLIDING T BAR,SLIDING T BAR | Time： | 2015-8-29 18:07:43 | Click： | 3163 | Previous | Next | Previous | Next,sku_162.jpg,http://www.cpowerco.com/ProductDetail.aspx?id=162
163,EXTENSTION T BAR,EXTENSTION T BAR | Time： | 2015-8-29 18:11:32 | Click： | 3197 | Previous | Next | Previous | Next,sku_163.jpg,http://www.cpowerco.com/ProductDetail.aspx?id=163
164,SLIDING T BAR,SLIDING T BAR | Time： | 2015-8-29 18:13:42 | Click： | 3205 | Previous | Next | Previous | Next,sku_164.jpg,http://www.cpowerco.com/ProductDetail.aspx?id=164
165,FEXIBLE HANDLE,FEXIBLE HANDLE | Time： | 2015-8-29 18:15:07 | Click： | 3403 | Next | Next,sku_165.jpg,http://www.cpowerco.com/ProductDetail.aspx?id=165
166,7 DRAWERS ROLLER CABINET,7 DRAWERS ROLLER CABINET | Time： | 2015-9-6 16:07:08 | Click： | 3137 | Previous | Previous,sku_166.jpg,http://www.cpowerco.com/ProductDetail.aspx?id=166
167,6 DRAWERS ROLLER CABINET,6 DRAWERS ROLLER CABINET | Time： | 2015-9-6 16:07:54 | Click： | 3305 | Previous | Next | Previous | Next,sku_167.jpg,http://www.cpowerco.com/ProductDetail.aspx?id=167
168,6 D4 DRAWER TOP CHEST & 2 DRAWER ROLLER CABINET,6 D4 DRAWER TOP CHEST & 2 DRAWER ROLLER CABINET | Time： | 2015-9-6 16:08:48 | Click： | 4203 | Previous | Next | Previous | Next,sku_168.jpg,http://www.cpowerco.com/ProductDetail.aspx?id=168
169,7 RAWERS TOOL CABINET,7 RAWERS TOOL CABINET | Time： | 2015-9-6 16:09:52 | Click： | 4234 | Previous | Next | Previous | Next,sku_169.jpg,http://www.cpowerco.com/ProductDetail.aspx?id=169
170,4 DRAWERS TOOL CHEST,4 DRAWERS TOOL CHEST | Time： | 2015-9-6 16:45:34 | Click： | 3274 | Previous | Next | Previous | Next,sku_170.jpg,http://www.cpowerco.com/ProductDetail.aspx?id=170
171,4 DRAWERS TOOL CHEST,4 DRAWERS TOOL CHEST | Time： | 2015-9-6 16:51:07 | Click： | 3400 | Previous | Next | Previous | Next,sku_171.jpg,http://www.cpowerco.com/ProductDetail.aspx?id=171
172,HIP ROOF TOOL BOX,HIP ROOF TOOL BOX | Time： | 2015-9-6 16:52:27 | Click： | 4353 | Next | Next,sku_172.jpg,http://www.cpowerco.com/ProductDetail.aspx?id=172
173,COMBINATION PLIERS,COMBINATION PLIERS | Time： | 2015-9-6 17:03:26 | Click： | 4707 | Previous | Previous,sku_173.jpg,http://www.cpowerco.com/ProductDetail.aspx?id=173
174,LONG NOSE PLIERS,LONG NOSE PLIERS | Time： | 2015-9-6 17:58:32 | Click： | 1628 | Previous | Next | Previous | Next,sku_174.jpg,http://www.cpowerco.com/ProductDetail.aspx?id=174
175,BENT NOSE PLIERS,BENT NOSE PLIERS | Time： | 2015-9-6 18:00:02 | Click： | 1566 | Previous | Next | Previous | Next,sku_175.jpg,http://www.cpowerco.com/ProductDetail.aspx?id=175
176,SIDE CUTTING PLIERS,SIDE CUTTING PLIERS | Time： | 2015-9-6 18:01:04 | Click： | 1761 | Previous | Next | Previous | Next,sku_176.jpg,http://www.cpowerco.com/ProductDetail.aspx?id=176
177,FLAT NOSE PLIER,FLAT NOSE PLIER | Time： | 2015-9-6 18:02:08 | Click： | 1749 | Previous | Next | Previous | Next,sku_177.jpg,http://www.cpowerco.com/ProductDetail.aspx?id=177
178,ROUND NOSE PLIER,ROUND NOSE PLIER | Time： | 2015-9-6 18:12:58 | Click： | 1692 | Previous | Next | Previous | Next,sku_178.jpg,http://www.cpowerco.com/ProductDetail.aspx?id=178
179,ADJUSTABLE WIRE STRIPPING PLIER,ADJUSTABLE WIRE STRIPPING PLIER | Time： | 2015-9-6 18:14:14 | Click： | 1533 | Previous | Next | Previous | Next,sku_179.jpg,http://www.cpowerco.com/ProductDetail.aspx?id=179
180,END NIPPER CUTTING PLIERS,END NIPPER CUTTING PLIERS | Time： | 2015-9-6 18:15:27 | Click： | 1435 | Previous | Next | Previous | Next,sku_180.jpg,http://www.cpowerco.com/ProductDetail.aspx?id=180
181,WATER PUMP PLIER,WATER PUMP PLIER | Time： | 2015-9-6 18:16:31 | Click： | 1397 | Previous | Next | Previous | Next,sku_181.jpg,http://www.cpowerco.com/ProductDetail.aspx?id=181
182,COMBINATION PLIERS,COMBINATION PLIERS | Time： | 2015-9-9 17:24:20 | Click： | 1373 | Previous | Next | Previous | Next,sku_182.jpg,http://www.cpowerco.com/ProductDetail.aspx?id=182
183,LONG NOSE PLIERS,LONG NOSE PLIERS | Time： | 2015-9-9 17:25:55 | Click： | 1333 | Previous | Next | Previous | Next,sku_183.jpg,http://www.cpowerco.com/ProductDetail.aspx?id=183
184,SIDE CUTTING PLIER,SIDE CUTTING PLIER | Time： | 2015-9-9 17:26:50 | Click： | 1420 | Previous | Next | Previous | Next,sku_184.jpg,http://www.cpowerco.com/ProductDetail.aspx?id=184
185,COMBINATION PLIERS LABORSAVING,COMBINATION PLIERS LABORSAVING | Time： | 2015-9-9 17:28:19 | Click： | 1454 | Previous | Next | Previous | Next,sku_185.jpg,http://www.cpowerco.com/ProductDetail.aspx?id=185
186,LONG NOSE PLIERS LABORSAVING,LONG NOSE PLIERS LABORSAVING | Time： | 2015-9-9 17:29:38 | Click： | 1477 | Previous | Next | Previous | Next,sku_186.jpg,http://www.cpowerco.com/ProductDetail.aspx?id=186
187,BENT NOSE PLIERS LABORSAVING,BENT NOSE PLIERS LABORSAVING | Time： | 2015-9-9 17:30:49 | Click： | 1523 | Previous | Next | Previous | Next,sku_187.jpg,http://www.cpowerco.com/ProductDetail.aspx?id=187
188,SIDE CUTTING NOSE PLIERS LABORSAVING,SIDE CUTTING NOSE PLIERS LABORSAVING | Time： | 2015-9-9 17:31:50 | Click： | 1548 | Previous | Next | Previous | Next,sku_188.jpg,http://www.cpowerco.com/ProductDetail.aspx?id=188
189,MINI END CUTTING PLIER,MINI END CUTTING PLIER | Time： | 2015-9-9 18:12:33 | Click： | 1501 | Previous | Next | Previous | Next,sku_189.jpg,http://www.cpowerco.com/ProductDetail.aspx?id=189
190,MINI DIAGONAL PLIER,MINI DIAGONAL PLIER | Time： | 2015-9-9 18:13:46 | Click： | 1432 | Previous | Next | Previous | Next,sku_190.jpg,http://www.cpowerco.com/ProductDetail.aspx?id=190
191,MINI BENT NOSE PLIER,MINI BENT NOSE PLIER | Time： | 2015-9-9 18:14:34 | Click： | 1521 | Previous | Next | Previous | Next,sku_191.jpg,http://www.cpowerco.com/ProductDetail.aspx?id=191
192,MINI FLAT NOSE PLIER,MINI FLAT NOSE PLIER | Time： | 2015-9-9 18:25:19 | Click： | 1403 | Previous | Next | Previous | Next,sku_192.jpg,http://www.cpowerco.com/ProductDetail.aspx?id=192
193,MINI END CUTTING PLIER,MINI END CUTTING PLIER | Time： | 2015-9-9 18:26:29 | Click： | 1407 | Previous | Next | Previous | Next,sku_193.jpg,http://www.cpowerco.com/ProductDetail.aspx?id=193
194,MINI DIAGONAL PLIER,MINI DIAGONAL PLIER | Time： | 2015-9-9 18:27:39 | Click： | 1323 | Previous | Next | Previous | Next,sku_194.jpg,http://www.cpowerco.com/ProductDetail.aspx?id=194
195,MINI BENT NOSE PLIER,MINI BENT NOSE PLIER | Time： | 2015-9-9 18:28:21 | Click： | 1377 | Previous | Next | Previous | Next,sku_195.jpg,http://www.cpowerco.com/ProductDetail.aspx?id=195
196,MINI FLAT NOSE PLIER,MINI FLAT NOSE PLIER | Time： | 2015-9-9 18:29:11 | Click： | 1324 | Previous | Next | Previous | Next,sku_196.jpg,http://www.cpowerco.com/ProductDetail.aspx?id=196
197,MINI NEEDLE NOSE PLIER,MINI NEEDLE NOSE PLIER | Time： | 2015-9-11 9:44:21 | Click： | 1608 | Previous | Next | Previous | Next,sku_197.jpg,http://www.cpowerco.com/ProductDetail.aspx?id=197
198,MINI ROUND NOSE PLIER,MINI ROUND NOSE PLIER | Time： | 2015-9-11 9:45:34 | Click： | 1654 | Previous | Next | Previous | Next,sku_198.jpg,http://www.cpowerco.com/ProductDetail.aspx?id=198
199,MINI COMBINATION PLIER,MINI COMBINATION PLIER | Time： | 2015-9-11 9:46:26 | Click： | 1695 | Previous | Next | Previous | Next,sku_199.jpg,http://www.cpowerco.com/ProductDetail.aspx?id=199
200,MINI LONG NOSE PLIER,MINI LONG NOSE PLIER | Time： | 2015-9-11 9:47:36 | Click： | 1566 | Previous | Next | Previous | Next,sku_200.jpg,http://www.cpowerco.com/ProductDetail.aspx?id=200
201,INTERNAL CIRCLIP PLIERS,INTERNAL CIRCLIP PLIERS | Time： | 2015-9-11 9:48:46 | Click： | 1730 | Previous | Next | Previous | Next,sku_201.jpg,http://www.cpowerco.com/ProductDetail.aspx?id=201
202,EXTERNAL CIRCLIP PLIERS,EXTERNAL CIRCLIP PLIERS | Time： | 2015-9-11 9:50:26 | Click： | 1725 | Previous | Next | Previous | Next,sku_202.jpg,http://www.cpowerco.com/ProductDetail.aspx?id=202
203,END CUTTING PLIERS,END CUTTING PLIERS | Time： | 2015-9-11 9:51:14 | Click： | 1639 | Previous | Next | Previous | Next,sku_203.jpg,http://www.cpowerco.com/ProductDetail.aspx?id=203
204,TOWER PINCERS,TOWER PINCERS | Time： | 2015-9-11 9:52:06 | Click： | 1547 | Previous | Next | Previous | Next,sku_204.jpg,http://www.cpowerco.com/ProductDetail.aspx?id=204
205,CARPENTER'S PINCERS,CARPENTER'S PINCERS | Time： | 2015-9-11 10:30:06 | Click： | 1758 | Previous | Next | Previous | Next,sku_205.jpg,http://www.cpowerco.com/ProductDetail.aspx?id=205
206,WATER PUMP PLIER,WATER PUMP PLIER | Time： | 2015-9-11 10:31:49 | Click： | 1661 | Previous | Next | Previous | Next,sku_206.jpg,http://www.cpowerco.com/ProductDetail.aspx?id=206
207,WATER PUMP PLIER,WATER PUMP PLIER | Time： | 2015-9-11 10:32:53 | Click： | 1651 | Previous | Next | Previous | Next,sku_207.jpg,http://www.cpowerco.com/ProductDetail.aspx?id=207
208,SLIP JOINT PLIERS,SLIP JOINT PLIERS | Time： | 2015-9-11 10:33:48 | Click： | 1784 | Previous | Next | Previous | Next,sku_208.jpg,http://www.cpowerco.com/ProductDetail.aspx?id=208
209,LOCKING PLIERS (STRAIGHT JAWS),LOCKING PLIERS (STRAIGHT JAWS) | Time： | 2015-9-11 10:34:47 | Click： | 1802 | Previous | Next | Previous | Next,sku_209.jpg,http://www.cpowerco.com/ProductDetail.aspx?id=209
210,LOCKING PLIERS (STRAIGHT JAWS),LOCKING PLIERS (STRAIGHT JAWS) | Time： | 2015-9-11 10:36:21 | Click： | 1644 | Previous | Next | Previous | Next,sku_210.jpg,http://www.cpowerco.com/ProductDetail.aspx?id=210
211,LONG NOSE LOCKING PLIER,LONG NOSE LOCKING PLIER | Time： | 2015-9-11 10:37:18 | Click： | 1777 | Previous | Next | Previous | Next,sku_211.jpg,http://www.cpowerco.com/ProductDetail.aspx?id=211
212,RATCHET LOCKING PLIER,RATCHET LOCKING PLIER | Time： | 2015-9-11 10:38:20 | Click： | 1703 | Previous | Next | Previous | Next,sku_212.jpg,http://www.cpowerco.com/ProductDetail.aspx?id=212
213,RATCHET LOCKING PLIER,RATCHET LOCKING PLIER | Time： | 2015-9-11 10:39:33 | Click： | 1771 | Previous | Next | Previous | Next,sku_213.jpg,http://www.cpowerco.com/ProductDetail.aspx?id=213
214,CABLE CUTTER,CABLE CUTTER | Time： | 2015-9-11 10:51:03 | Click： | 1591 | Previous | Next | Previous | Next,sku_214.jpg,http://www.cpowerco.com/ProductDetail.aspx?id=214
215,CABLE CUTTER,CABLE CUTTER | Time： | 2015-9-11 10:52:15 | Click： | 1654 | Previous | Next | Previous | Next,sku_215.jpg,http://www.cpowerco.com/ProductDetail.aspx?id=215
216,WIRE ROPE CUTTER,WIRE ROPE CUTTER | Time： | 2015-9-11 10:53:20 | Click： | 1775 | Previous | Next | Previous | Next,sku_216.jpg,http://www.cpowerco.com/ProductDetail.aspx?id=216
217,WIRE ROPE CUTTER,WIRE ROPE CUTTER | Time： | 2015-9-11 10:55:11 | Click： | 1743 | Previous | Next | Previous | Next,sku_217.jpg,http://www.cpowerco.com/ProductDetail.aspx?id=217
218,WIRE ROPE CUTTER,WIRE ROPE CUTTER | Time： | 2015-9-11 10:56:32 | Click： | 1771 | Previous | Next | Previous | Next,sku_218.jpg,http://www.cpowerco.com/ProductDetail.aspx?id=218
219,4 IN 1 CURVING PLIER,4 IN 1 CURVING PLIER | Time： | 2015-9-11 10:57:54 | Click： | 1795 | Previous | Next | Previous | Next,sku_219.jpg,http://www.cpowerco.com/ProductDetail.aspx?id=219
220,AUTOMATIC WIRE STRIPPER,AUTOMATIC WIRE STRIPPER | Time： | 2015-9-11 14:50:07 | Click： | 1837 | Previous | Next | Previous | Next,sku_220.jpg,http://www.cpowerco.com/ProductDetail.aspx?id=220
221,CRIMPING PLIERS,CRIMPING PLIERS | Time： | 2015-9-11 14:51:16 | Click： | 1599 | Previous | Next | Previous | Next,sku_221.jpg,http://www.cpowerco.com/ProductDetail.aspx?id=221
222,CRIMPING PLIERS,CRIMPING PLIERS | Time： | 2015-9-11 14:52:18 | Click： | 1675 | Previous | Next | Previous | Next,sku_222.jpg,http://www.cpowerco.com/ProductDetail.aspx?id=222
223,VDE COMBINATION PLIERS,VDE COMBINATION PLIERS | Time： | 2015-9-11 14:53:24 | Click： | 1839 | Previous | Next | Previous | Next,sku_223.jpg,http://www.cpowerco.com/ProductDetail.aspx?id=223
224,VDE LONG NOSE PLIERS,VDE LONG NOSE PLIERS | Time： | 2015-9-11 14:54:46 | Click： | 3216 | Previous | Next | Previous | Next,sku_224.jpg,http://www.cpowerco.com/ProductDetail.aspx?id=224
225,VDE SIDE CUTTING PLIERS,VDE SIDE CUTTING PLIERS | Time： | 2015-9-11 14:55:52 | Click： | 3345 | Previous | Next | Previous | Next,sku_225.jpg,http://www.cpowerco.com/ProductDetail.aspx?id=225
226,VDE BENT NOSE PLIERS,VDE BENT NOSE PLIERS | Time： | 2015-9-11 14:56:46 | Click： | 3411 | Previous | Next | Previous | Next,sku_226.jpg,http://www.cpowerco.com/ProductDetail.aspx?id=226
227,VDE FLAT NOSE PLIERS,VDE FLAT NOSE PLIERS | Time： | 2015-9-11 14:57:50 | Click： | 3345 | Previous | Next | Previous | Next,sku_227.jpg,http://www.cpowerco.com/ProductDetail.aspx?id=227
228,VDE SIDE CUTTING PLIERS (HEAVY DUTY),VDE SIDE CUTTING PLIERS (HEAVY DUTY) | Time： | 2015-9-11 14:59:23 | Click： | 3500 | Previous | Next | Previous | Next,sku_228.jpg,http://www.cpowerco.com/ProductDetail.aspx?id=228
229,VDE WIRE STRIPPING PLIER,VDE WIRE STRIPPING PLIER | Time： | 2015-9-11 15:04:34 | Click： | 3410 | Previous | Next | Previous | Next,sku_229.jpg,http://www.cpowerco.com/ProductDetail.aspx?id=229
230,VDE ROUND NOSE PLIER,VDE ROUND NOSE PLIER | Time： | 2015-9-11 15:05:43 | Click： | 3409 | Previous | Next | Previous | Next,sku_230.jpg,http://www.cpowerco.com/ProductDetail.aspx?id=230
231,VDE WATER PUMP PLIER,VDE WATER PUMP PLIER | Time： | 2015-9-11 15:06:52 | Click： | 3654 | Previous | Next | Previous | Next,sku_231.jpg,http://www.cpowerco.com/ProductDetail.aspx?id=231
232,VDE CABLE CUTTER,VDE CABLE CUTTER | Time： | 2015-9-11 15:07:55 | Click： | 4375 | Next | Next,sku_232.jpg,http://www.cpowerco.com/ProductDetail.aspx?id=232
233,EASY STRIKE RIP HAMMER-MONOBLOCK,EASY STRIKE RIP HAMMER-MONOBLOCK | Time： | 2015-9-11 15:12:33 | Click： | 4615 | Previous | Previous,sku_233.jpg,http://www.cpowerco.com/ProductDetail.aspx?id=233
234,EASY STRIKE CLAW HAMMERS-MONOBLOCK,EASY STRIKE CLAW HAMMERS-MONOBLOCK | Time： | 2015-9-11 15:27:59 | Click： | 1789 | Previous | Next | Previous | Next,sku_234.jpg,http://www.cpowerco.com/ProductDetail.aspx?id=234
235,BRICK HAMMER-MONOBLOCK,BRICK HAMMER-MONOBLOCK | Time： | 2015-9-11 15:31:47 | Click： | 1484 | Previous | Next | Previous | Next,sku_235.jpg,http://www.cpowerco.com/ProductDetail.aspx?id=235
236,STONING HAMMER-MONOBLOCK,STONING HAMMER-MONOBLOCK | Time： | 2015-9-11 15:32:57 | Click： | 1760 | Previous | Next | Previous | Next,sku_236.jpg,http://www.cpowerco.com/ProductDetail.aspx?id=236
237,CLAW HAMMER-MONOBLOCK,CLAW HAMMER-MONOBLOCK | Time： | 2015-9-11 15:34:19 | Click： | 1731 | Previous | Next | Previous | Next,sku_237.jpg,http://www.cpowerco.com/ProductDetail.aspx?id=237
238,BRICK HAMMER-MONOBLOCK,BRICK HAMMER-MONOBLOCK | Time： | 2015-9-11 15:36:00 | Click： | 1774 | Previous | Next | Previous | Next,sku_238.jpg,http://www.cpowerco.com/ProductDetail.aspx?id=238
239,CARPENTER'S HAMMER-MONOBLOCK,CARPENTER'S HAMMER-MONOBLOCK | Time： | 2015-9-11 15:37:52 | Click： | 1776 | Previous | Next | Previous | Next,sku_239.jpg,http://www.cpowerco.com/ProductDetail.aspx?id=239
240,STONING HAMMER-MONOBLOCK,STONING HAMMER-MONOBLOCK | Time： | 2015-9-11 16:37:57 | Click： | 1797 | Previous | Next | Previous | Next,sku_240.jpg,http://www.cpowerco.com/ProductDetail.aspx?id=240
241,BALL PEIN HAMMERS-MONOBLOCK,BALL PEIN HAMMERS-MONOBLOCK | Time： | 2015-9-11 16:39:27 | Click： | 1583 | Previous | Next | Previous | Next,sku_241.jpg,http://www.cpowerco.com/ProductDetail.aspx?id=241
242,HATCHET-MONOBLOCK,HATCHET-MONOBLOCK | Time： | 2015-9-11 16:40:40 | Click： | 1548 | Previous | Next | Previous | Next,sku_242.jpg,http://www.cpowerco.com/ProductDetail.aspx?id=242
243,MACHINIST'S HAMMERS-TPR HANDLE,MACHINIST'S HAMMERS-TPR HANDLE | Time： | 2015-9-11 16:42:00 | Click： | 1704 | Previous | Next | Previous | Next,sku_243.jpg,http://www.cpowerco.com/ProductDetail.aspx?id=243
244,CLAW HAMMERS-TPR HANDLE,CLAW HAMMERS-TPR HANDLE | Time： | 2015-9-11 16:43:32 | Click： | 1688 | Previous | Next | Previous | Next,sku_244.jpg,http://www.cpowerco.com/ProductDetail.aspx?id=244
245,STONING HAMMERS-TPR HANDLE,STONING HAMMERS-TPR HANDLE | Time： | 2015-9-11 16:44:42 | Click： | 1716 | Previous | Next | Previous | Next,sku_245.jpg,http://www.cpowerco.com/ProductDetail.aspx?id=245
246,BALL PEIN HAMMERS-TPR HANDLE,BALL PEIN HAMMERS-TPR HANDLE | Time： | 2015-9-11 16:46:47 | Click： | 1630 | Previous | Next | Previous | Next,sku_246.jpg,http://www.cpowerco.com/ProductDetail.aspx?id=246
247,TWO WAY MALLET-TPR HANDLE,TWO WAY MALLET-TPR HANDLE | Time： | 2015-9-11 16:48:38 | Click： | 1601 | Previous | Next | Previous | Next,sku_247.jpg,http://www.cpowerco.com/ProductDetail.aspx?id=247
248,RUBBER MALLETS-TPR HANDLE,RUBBER MALLETS-TPR HANDLE | Time： | 2015-9-11 16:50:01 | Click： | 1692 | Previous | Next | Previous | Next,sku_248.jpg,http://www.cpowerco.com/ProductDetail.aspx?id=248
249,CLAW HAMMERS-TPR HANDLE,CLAW HAMMERS-TPR HANDLE | Time： | 2015-9-11 16:51:27 | Click： | 1617 | Previous | Next | Previous | Next,sku_249.jpg,http://www.cpowerco.com/ProductDetail.aspx?id=249
250,CLAW HAMMERS-TPR HANDLE,CLAW HAMMERS-TPR HANDLE | Time： | 2015-9-11 16:53:51 | Click： | 1656 | Previous | Next | Previous | Next,sku_250.jpg,http://www.cpowerco.com/ProductDetail.aspx?id=250
251,CLAW HAMMERS-STEEL TUBULAR HANDLE,CLAW HAMMERS-STEEL TUBULAR HANDLE | Time： | 2015-9-11 16:54:56 | Click： | 1742 | Previous | Next | Previous | Next,sku_251.jpg,http://www.cpowerco.com/ProductDetail.aspx?id=251
252,CLAW HAMMERS-STEEL TUBULAR HANDLE,CLAW HAMMERS-STEEL TUBULAR HANDLE | Time： | 2015-9-11 19:15:28 | Click： | 1831 | Previous | Next | Previous | Next,sku_252.jpg,http://www.cpowerco.com/ProductDetail.aspx?id=252
253,ROOFING HAMMER-STEEL TUBULAR HANDLE,ROOFING HAMMER-STEEL TUBULAR HANDLE | Time： | 2015-9-11 19:17:32 | Click： | 1729 | Previous | Next | Previous | Next,sku_253.jpg,http://www.cpowerco.com/ProductDetail.aspx?id=253
254,MASON'S HAMMER-STEEL TUBULAR HANDLE,MASON'S HAMMER-STEEL TUBULAR HANDLE | Time： | 2015-9-11 19:19:00 | Click： | 1692 | Previous | Next | Previous | Next,sku_254.jpg,http://www.cpowerco.com/ProductDetail.aspx?id=254
255,MASON'S HAMMER TYPE B-STEEL TUBULAR HANDLE,MASON'S HAMMER TYPE B-STEEL TUBULAR HANDLE | Time： | 2015-9-11 19:20:24 | Click： | 1608 | Previous | Next | Previous | Next,sku_255.jpg,http://www.cpowerco.com/ProductDetail.aspx?id=255
256,DRYWALL HAMMER-STEEL TUBULAR HANDLE,DRYWALL HAMMER-STEEL TUBULAR HANDLE | Time： | 2015-9-11 19:22:16 | Click： | 1588 | Previous | Next | Previous | Next,sku_256.jpg,http://www.cpowerco.com/ProductDetail.aspx?id=256
257,CAMPING AXE-STEEL TUBULAR HANDLE,CAMPING AXE-STEEL TUBULAR HANDLE | Time： | 2015-9-11 19:23:49 | Click： | 1809 | Previous | Next | Previous | Next,sku_257.jpg,http://www.cpowerco.com/ProductDetail.aspx?id=257
258,CLAW HAMMERS-HICKORY HANDLE,CLAW HAMMERS-HICKORY HANDLE | Time： | 2015-9-11 19:49:32 | Click： | 1866 | Previous | Next | Previous | Next,sku_258.jpg,http://www.cpowerco.com/ProductDetail.aspx?id=258
259,DRYWALL HATCHET-HICKORY HANDLE,DRYWALL HATCHET-HICKORY HANDLE | Time： | 2015-9-11 19:51:15 | Click： | 3318 | Previous | Next | Previous | Next,sku_259.jpg,http://www.cpowerco.com/ProductDetail.aspx?id=259
260,DEAD BLOW HAMMERS-MONOBLOCK,DEAD BLOW HAMMERS-MONOBLOCK | Time： | 2015-9-11 19:52:37 | Click： | 3256 | Previous | Next | Previous | Next,sku_260.jpg,http://www.cpowerco.com/ProductDetail.aspx?id=260
261,AXES-WOODEN HANDLE,AXES-WOODEN HANDLE | Time： | 2015-9-11 19:54:16 | Click： | 3223 | Previous | Next | Previous | Next,sku_261.jpg,http://www.cpowerco.com/ProductDetail.aspx?id=261
262,AXES-FIBERGLASS HANDLE,AXES-FIBERGLASS HANDLE | Time： | 2015-9-11 19:56:10 | Click： | 3326 | Previous | Next | Previous | Next,sku_262.jpg,http://www.cpowerco.com/ProductDetail.aspx?id=262
263,SPLITTING AXES-FIBERGLASS HANDLE,SPLITTING AXES-FIBERGLASS HANDLE | Time： | 2015-9-11 19:57:50 | Click： | 3372 | Previous | Next | Previous | Next,sku_263.jpg,http://www.cpowerco.com/ProductDetail.aspx?id=263
264,AXES-WOODEN HANDLE,AXES-WOODEN HANDLE | Time： | 2015-9-11 20:10:31 | Click： | 3293 | Previous | Next | Previous | Next,sku_264.jpg,http://www.cpowerco.com/ProductDetail.aspx?id=264
265,AXES-WOODEN HANDLE,AXES-WOODEN HANDLE | Time： | 2015-9-11 20:13:21 | Click： | 3422 | Previous | Next | Previous | Next,sku_265.jpg,http://www.cpowerco.com/ProductDetail.aspx?id=265
266,AXES-TPR HANDLE,AXES-TPR HANDLE | Time： | 2015-9-11 20:15:19 | Click： | 4386 | Previous | Next | Previous | Next,,http://www.cpowerco.com/ProductDetail.aspx?id=266
267,INDESTRUCTIBLE HANDLE CLUB HAMMERS,INDESTRUCTIBLE HANDLE CLUB HAMMERS | Time： | 2015-9-12 8:43:53 | Click： | 5148 | Next | Next,sku_267.jpg,http://www.cpowerco.com/ProductDetail.aspx?id=267
268,SCREWDRIVER,SCREWDRIVER | Time： | 2015-9-12 9:08:21 | Click： | 1770 | Previous | Previous,sku_268.jpg,http://www.cpowerco.com/ProductDetail.aspx?id=268
269,SCREWDRIVERS,SCREWDRIVERS | Time： | 2015-9-12 9:22:25 | Click： | 1681 | Previous | Next | Previous | Next,sku_269.jpg,http://www.cpowerco.com/ProductDetail.aspx?id=269
270,SCREWDRIVERS,SCREWDRIVERS | Time： | 2015-9-12 9:23:56 | Click： | 1582 | Previous | Next | Previous | Next,sku_270.jpg,http://www.cpowerco.com/ProductDetail.aspx?id=270
271,SCREWDRIVERS,SCREWDRIVERS | Time： | 2015-9-12 9:38:54 | Click： | 1675 | Previous | Next | Previous | Next,sku_271.jpg,http://www.cpowerco.com/ProductDetail.aspx?id=271
272,SCREWDRIVERS,SCREWDRIVERS | Time： | 2015-9-12 9:40:13 | Click： | 1574 | Previous | Next | Previous | Next,sku_272.jpg,http://www.cpowerco.com/ProductDetail.aspx?id=272
273,SCREWDRIVERS,SCREWDRIVERS | Time： | 2015-9-12 9:41:14 | Click： | 1675 | Previous | Next | Previous | Next,sku_273.jpg,http://www.cpowerco.com/ProductDetail.aspx?id=273
274,SCREWDRIVERS,SCREWDRIVERS | Time： | 2015-9-12 9:42:19 | Click： | 1611 | Previous | Next | Previous | Next,sku_274.jpg,http://www.cpowerco.com/ProductDetail.aspx?id=274
275,SCREWDRIVERS,SCREWDRIVERS | Time： | 2015-9-12 9:59:40 | Click： | 1737 | Previous | Next | Previous | Next,sku_275.jpg,http://www.cpowerco.com/ProductDetail.aspx?id=275
276,GO-THROUGH SCREWDRIVERS,GO-THROUGH SCREWDRIVERS | Time： | 2015-9-12 10:01:13 | Click： | 1559 | Previous | Next | Previous | Next,sku_276.jpg,http://www.cpowerco.com/ProductDetail.aspx?id=276
277,PRECISION SCREWDRIVERS,PRECISION SCREWDRIVERS | Time： | 2015-9-12 10:02:18 | Click： | 1659 | Previous | Next | Previous | Next,sku_277.jpg,http://www.cpowerco.com/ProductDetail.aspx?id=277
278,SCREWDRIVER BIT HOLDER,SCREWDRIVER BIT HOLDER | Time： | 2015-9-12 10:03:37 | Click： | 1609 | Previous | Next | Previous | Next,sku_278.jpg,http://www.cpowerco.com/ProductDetail.aspx?id=278
279,5 IN 1 RACHET SCREWDRIVER,5 IN 1 RACHET SCREWDRIVER | Time： | 2015-9-12 10:04:39 | Click： | 1603 | Previous | Next | Previous | Next,sku_279.jpg,http://www.cpowerco.com/ProductDetail.aspx?id=279
280,RACHET SCREWDRIVER SET,RACHET SCREWDRIVER SET | Time： | 2015-9-12 10:17:12 | Click： | 1851 | Previous | Next | Previous | Next,sku_280.jpg,http://www.cpowerco.com/ProductDetail.aspx?id=280
281,RACHET SCREWDRIVER SET,RACHET SCREWDRIVER SET | Time： | 2015-9-12 10:18:21 | Click： | 3089 | Previous | Next | Previous | Next,sku_281.jpg,http://www.cpowerco.com/ProductDetail.aspx?id=281
282,RACHET SCREWDRIVER SET,RACHET SCREWDRIVER SET | Time： | 2015-9-12 10:19:15 | Click： | 3141 | Previous | Next | Previous | Next,sku_282.jpg,http://www.cpowerco.com/ProductDetail.aspx?id=282
283,RACHET SCREWDRIVER SET,RACHET SCREWDRIVER SET | Time： | 2015-9-12 10:20:14 | Click： | 3154 | Previous | Next | Previous | Next,sku_283.jpg,http://www.cpowerco.com/ProductDetail.aspx?id=283
284,RACHET SCREWDRIVER SET,RACHET SCREWDRIVER SET | Time： | 2015-9-12 10:29:37 | Click： | 3133 | Previous | Next | Previous | Next,sku_284.jpg,http://www.cpowerco.com/ProductDetail.aspx?id=284
285,RACHET SCREWDRIVER SET,RACHET SCREWDRIVER SET | Time： | 2015-9-12 10:30:50 | Click： | 3273 | Previous | Next | Previous | Next,sku_285.jpg,http://www.cpowerco.com/ProductDetail.aspx?id=285
286,PRECISION SCREWDRIVER SET,PRECISION SCREWDRIVER SET | Time： | 2015-9-12 10:31:49 | Click： | 3234 | Previous | Next | Previous | Next,sku_286.jpg,http://www.cpowerco.com/ProductDetail.aspx?id=286
287,VDE SCREWDRIVERS,VDE SCREWDRIVERS | Time： | 2015-9-14 14:58:21 | Click： | 3235 | Previous | Next | Previous | Next,sku_287.jpg,http://www.cpowerco.com/ProductDetail.aspx?id=287
288,VDE SCREWDRIVERS,VDE SCREWDRIVERS | Time： | 2015-9-14 14:59:26 | Click： | 3267 | Previous | Next | Previous | Next,sku_288.jpg,http://www.cpowerco.com/ProductDetail.aspx?id=288
289,VDE SCREWDRIVERS,VDE SCREWDRIVERS | Time： | 2015-9-14 15:00:31 | Click： | 3337 | Next | Next,sku_289.jpg,http://www.cpowerco.com/ProductDetail.aspx?id=289
290,WIDE JAW ADJUSTABLE WRENCH,WIDE JAW ADJUSTABLE WRENCH | Time： | 2022-4-21 14:12:41 | Click： | 1290 | Previous | • Manufactured from forged Chrome Vanadium Steel for | increased strength & durability | • Extra wide jaw opening for increased application of use | • Slim-line jaws angled at 15° for access to confined spaces | • Extra jaw depth for increased application of torque | • Dual functional wrench with reversible jaw for adjustable | wrench & pipe wrench functions | • Soft grip non-slip handle for increased comfort and | control in wet conditions | • Jaw hardness up to 40-50 HRC | • Length: 200mm | Previous,,http://www.cpowerco.com/ProductDetail.aspx?id=290
291,THREAD  REPAIR  KIT,"THREAD  REPAIR  KIT | Time： | 2022-4-21 14:56:39 | Click： | 1534 | Previous | Next | -thread M10x1.5 | -15-pc set contains | --1 pc 10.5mm HSS twist drill | --1 pc M10 HSS tap | --1 pc coil installation tool | --1 pc tang removal tool | --10 pcs stainless steel wire thread inserts (""helicoil"") | ---steel grade of spiral elements A2 (= EN 1.4301 = SAE 304 = sc. Cr/Ni 18/8 steel) | --1 pc hex key | -hanging storage box | 25PC THREAD REPAIR KIT M6X1.0 | 25PC THREAD REPAIR KIT M7X1.0 | 25PC THREAD REPAIR KIT M8X1.25 | 15PC THREAD REPAIR KIT M10X1.5 | 15PC THREAD REPAIR KIT M12X1.75 | 14PC THREAD REPAIR KIT M14X1.25 | 14PC THREAD REPAIR KIT M14X1.5 | Previous | Next",,http://www.cpowerco.com/ProductDetail.aspx?id=291
292,TIRE  INFLATOR,"TIRE  INFLATOR | Time： | 2022-4-21 15:05:17 | Click： | 4083 | Previous | Next | handy tire inflator with air pressure gauge for vehicles | measure range 0,5 - 12 Bar (0 – 170 psi) | measure scale accuracy 0,1 Bar (2 psi) | threaded hose attachment to the pistol | rubber hose length 485 mm | quick connector fitting | pistol with air relief valve | rubber gauge protector in around edges | Previous | Next",,http://www.cpowerco.com/ProductDetail.aspx?id=292
293,TELESCOPIC  BASIN  &  BATH  WRENCH,"TELESCOPIC  BASIN  &  BATH  WRENCH | Time： | 2022-4-21 15:11:02 | Click： | 1054 | Previous | Next | 270-450mm with hardened jaw. | • Adjustable basin & bath wrench with jaw manufactured | from forged Steel | • Spring action jaw for an automatic grip on pipe fifittings | • Jaw turning capability of 180° for added flflexibility | • Telescopic wrench for added convenience and increased | reach | • Jaw hardness up to 40HRC | • Jaw capacity: 10mm to 30mm | • Extendable from 270 - 450mm in 4 steps (270, 330, 385 and | 450mm) for basin & bath taps | Previous | Next",,http://www.cpowerco.com/ProductDetail.aspx?id=293
294,AUTO  WIRE  STRIPER,AUTO  WIRE  STRIPER | Time： | 2022-4-21 15:13:37 | Click： | 1727 | Previous | Next | Previous | Next,,http://www.cpowerco.com/ProductDetail.aspx?id=294
295,"6""  STUBBY   ADJUSTABLE   WRENCH","6""  STUBBY   ADJUSTABLE   WRENCH | Time： | 2022-4-21 15:16:16 | Click： | 1216 | Previous | Next | • Manufactured from drop forged Carbon Steel, | hardened and tempered for increased strength | • Dual functional wrench with reversible jaw | for adjustable wrench & pipe wrench functions | • Soft grip non-slip handle for increased comfort | and control in wet conditions | • Compact stubby design, providing comfort | when used in confifined spaces | • Jaw hardness up to 40-45 HRC | • Jaw capacity: 30mm | • Length: 150mm | Previous | Next",,http://www.cpowerco.com/ProductDetail.aspx?id=295
296,VANE KEY PADLOCK,VANE KEY PADLOCK | Time： | 2022-4-21 15:18:24 | Click： | 1118 | Previous | Next | -steel body brass cylinder | 30mm*15*27 | 40mm*20*32 | 50mm*20*38 | Previous | Next,,http://www.cpowerco.com/ProductDetail.aspx?id=296
297,PIPE  SLICE,PIPE  SLICE | Time： | 2022-4-21 15:21:03 | Click： | 977 | Previous | Next | 15/22/28mm for brass tube | Previous | Next,,http://www.cpowerco.com/ProductDetail.aspx?id=297
298,IMPACT  SCREWDRIVER  BITS,IMPACT  SCREWDRIVER  BITS | Time： | 2022-4-21 15:24:01 | Click： | 1330 | Previous | Next | • Impact Screwdriver Bits manufactured form Cr-V Steel | • Heat treated core and screwdriver head for increased | strength | • Flexible torsion zone for absorbing torque peaks for | durability | • Specially designed magnetised screwdriver head for | controlled drive | • Exact fifitment size for reduced cam out | • Magnetic tip | Previous | Next,,http://www.cpowerco.com/ProductDetail.aspx?id=298
299,SCREW   DEPTH   ADJUST   BIT   HOLDER  SET   2PC,"SCREW   DEPTH   ADJUST   BIT   HOLDER  SET   2PC | Time： | 2022-4-21 15:26:21 | Click： | 1036 | Previous | Next | 1pc 25mm bits, S2 material,  PH2 | 1pc bit holder with depth stop function | Previous | Next",,http://www.cpowerco.com/ProductDetail.aspx?id=299
300,SCREW  DEPTH  ADJUST  BIT  HOLDER  SET  8PC,"SCREW  DEPTH  ADJUST  BIT  HOLDER  SET  8PC | Time： | 2022-4-21 15:28:45 | Click： | 870 | Previous | Next | 8pc 25mm bits, S2 material, sand blasted: | 2 X PH2, T15, 2 X T20, 2 X T25 | 1PC drywall bit holder | Previous | Next",,http://www.cpowerco.com/ProductDetail.aspx?id=300
301,Adjustable wood countersinker,"Adjustable wood countersinker | Time： | 2024-1-15 15:55:29 | Click： | 827 | Previous | Next | Tungsten Carbide tipped?countersinker 10mm | HSS dril dia 3.2mm | Adjustable Depth Stop   No-Thrust No Marring Ball Bearing | The protecting ring with bearing.  So it does not turn with drills, | No friction and will protect the wood surface | Previous | Next",,http://www.cpowerco.com/ProductDetail.aspx?id=301
302,压胶枪,压胶枪 | Time： | 2024-11-26 10:17:03 | Click： | 667 | Next | Next,,http://www.cpowerco.com/ProductDetail.aspx?id=302
